name,brand,barcode,category,image_url,ingredients
Baume main rose,Sephora,152068,,https://images.openbeautyfacts.org/images/products/000/000/015/2068/front_fr.3.400.jpg,
masque yeux concombre,sephora,2567220,,,
Colorful mono-24 shimmer 221 T,Sephora,411123588804,open beauty facts,https://images.openbeautyfacts.org/images/products/041/112/358/8804/front_en.3.400.jpg,
,Kiko,6413279,,https://images.openbeautyfacts.org/images/products/000/000/641/3279/front_fr.12.400.jpg,
Isana med akut Handcreme,"Dirk Rossmann GmbH, Isana",723934376460,"Kosmetik,Handcremes",https://images.openbeautyfacts.org/images/products/072/393/437/6460/front_de.12.400.jpg,"fühle und trockenheitsbedingter Juckreiz können somit reduziert werden. WIRKUNG & PFLEGE Die ISANA MED AKUT HANDCREME ist auf die Be - dürfnisse der besonders trockenen und rissigen Haut abge - stimmt. Die Rezeptur mit der Wirkstoffkombination aus Urea und Cica-Extrakt erhöht den Feuchtigkeitsgehalt der Haut. **Extrakt der Centella Asiatica (Tigergras) Schützt die Hände langanhaltend vor dem Austrocknen. Sofortpflegekomplex mit Urea & Cica-Extrakt. . Zieht schnell ein und hinterlässt keinen Fettfilm. HAUTVERTRÄGLICHKEIT *Hautverträglichkeit dermatologisch-klinisch bestätigt (02/2020), Testung gemäß Dermatest 5-Sterne-Siegel www.5-sterne-garantie.de) INGREDIENTS: Aqua, Urea, Glycerin, Ethylhexyl Stearate, Cetearyl Acohol, Butyrospermum Parkii Butter, Isopropyl Palmitate, Glyceryl Searate, Helianthus Annuus Hybrid Oil, Panthenol, Centella Asiatica Extract, Levulinic Acid, Sodium Levulinate, Triacetin, Xanthan Gum, Sodium Stearoyl Glutamate, Caprylyl Glycol, p-Anisic Acid, Sodium Lactate, Lactic Acid, Sodium Hydroxide, Butylene Glycol, Citric Acid. Verwendete Druckfarbe ist mineralölfrei estellt für Dirk Rossmann GmbH gener Str. 16, DE-30938 Burgwedel ossmann.de 25 mle elt in Deutschland Moses Info-Telefon: - 7677 62 66 VEGAN 12M 09792"
Beauty insider,Sephora,850155008532,"Non food products,Open Beauty Facts",https://images.openbeautyfacts.org/images/products/085/015/500/8532/front_en.4.400.jpg,"Ingredients / Ingrédients : ProtiniTM Water/Aqua/Eau, Dicaprylyl Carbonate, Glycerin, Cetearyl Alcohol, Cetearyl Olivate, Sorbitan Olivate, Sclerocarya Birrea Seed Oil, Bacillus/Soybean/ Folic Acid Ferment Extract, Nymphaea Alba Root Extract, sh-Oligopeptide-1, sh-Oligopeptide-2, sh-Polypeptide-1, sh-Polypeptide-9, sh-Polypeptide-11, Copper Palmitoyl Heptapeptide-14, Heptapeptide-15 Palmitate, Palmitoyl Tetrapeptide-7, Palmitoyl Tripeptide-1, Alanine, Arginine, Glycerine, Histidine, Isoleucine, Phenylalanine, Proline, Serine, Threonine, Valine, Acetyl Glutamine, Coconut Alkanes, Coco-Caprylate/Caprate, Sodium Hyalurate, Aspartic Acid, Linoeic Acid, Linolenic Acid, Lecithin, Butylene Glycol, Polyvinyl Alcohol, Sodium Lactate, Sodium PCA, PCA, Sorbitan Isostearate, Carbomer, Polysorbate 20, Polysorbate 60, Lactic Acid/Glycolic Acid Copolymer, Hydroxyethyl Acrylate/ Sodium Acryloyldimethyl Taurate Copolymer, Xantham Gum, Isomalt, 1,2-Hexanediol, Caprylyl Glycol, Chlorphenesin, Phenoxyethanol, Tocopherol, Sodium Benzoate, Phenylpropanol, Glyceryl Gaprylate, Symphytum Officinale Callus Culture Extract BesteTM Water/Aqua/Eau, Glycerin, Cocamidopropyl Betaine, Coco-Glucoside, Sodium Lauroyl Methyl Isethionate, Cocamidopropyl Hydroxysultaine, Sodium Methyl Oleoyl Taurate, Propanediol, Aloe Barbadensis Leaf Extract, Glycolipids, Linoleic Acid, Linolenic Acid, Lauryl Glucoside, Cucumis Melo Cantalupensis Fruit Extract, Sclerocarya Birrea Seed Oil, Dipotassium Glycyrhizate, Tocopherol, Citric Acid, Phenoxyethanol, Sodium Hydroxide, Sodium Benzoate, Sodium Chloride"
longeyes+ Active Mascara,kiko,9597761,,https://images.openbeautyfacts.org/images/products/000/000/959/7761/front_fr.3.400.jpg,"INGREDIENTS: AQUA (WATERVEAU), SYNTHETIC BEESWAX, STEARIC DE CARNAUBA), VP/ECOSENE COPOLYMER, PVP, PEG-8 BEESWAX, BUTYLENE GLYCOL, AMINOMETHYL PROPANEDIOL, GLYCERIN, PHENOXYETHANOL PANTHENOL, HYDROXYETHYLCELLULOSE, SIMETHICONE, POTASSIUM SORBATE, TOCOPHERYL ACETATE, HYDROLYZED KERATIN, DISODIUM EDTA ACID, COPERNIC IA CERIFERA CERA (COPERNICIA CERIFERA CARNAUBA) WAXICIRE PPG-26 BUTETH 26, PEG-40 HYDROGENATED CASTOR OIL, APIGENIN, OLEANOLIC ACID"
Tuscan sunshine eyeliner duo 03,Kiko,10316658,"Eyeliner, Occhi",https://images.openbeautyfacts.org/images/products/000/001/031/6658/front_it.4.400.jpg,"MATITA: dimeticone, TRIMETHYLSILOXYSILICATE, cera sintetica, idrogenofosfato di calcio, mica, PHENYLPROPYLDIMETHYLSILOXYSILICATE, polietilene, acido polidrossistearico, DISILOXANE, CAPRYLYL TRIMETHICONE, DISTEARDIMONIUM HECTORITE, propilene carbonato, lecitina, tocoferolo, ASCORBYL PALMITATE, acido citrico, fluoroflogopite sintetica, CALCIUM ALUMINUM BOROSILICATE, CALCIUM SODIUM BOROSILICATE, silice, ossido di indio-stagno, CI77891, CI77491, CI77492, CI77163, CI77510, CI75470 EYELINER isododecane, TRIMETHYLSILOXYSILICATE, dimeticone, mica, DISTEARDIMONIUM HECTORITE, SORBITAN TRISTEARATE, propilene carbonato, CALCIUM ALUMINUM BOROSILICATE, HYDROGENATED PALM KERNEL GLYCERIDES, PHYTOSTERYL ISOSTEARATE, silice, CAPRYLYL GLYCOL, fenossietanolo, ASCORBYL PALMITATE, HYDROGENATED PALM GLYCERIDES, HEXYLENE GLYCOL, butilidrossitoluene, ossido di indio-stagno, CALCIUM TITANIUM BOROSILICATE, fluoroflogopite sintetica, CI77891, CI77491, CI77499"
NACHTCREME VITAL,ISANA,11162643,,https://images.openbeautyfacts.org/images/products/000/001/116/2643/front_de.4.400.jpg,
Ourwhy pat skin barrier,Gratis,20270425,,https://images.openbeautyfacts.org/images/products/000/002/027/0425/front_tr.3.400.jpg,Pat caramide squalane
love my skin,Watsons,2392020022796,Déodorants,https://images.openbeautyfacts.org/images/products/239/202/002/2796/front_fr.3.400.jpg,
Black,Sephora,3301221472308,,https://images.openbeautyfacts.org/images/products/330/122/147/2308/front_fr.8.400.jpg,
,Sephora,3378872047131,,https://images.openbeautyfacts.org/images/products/337/887/204/7131/front_fr.7.400.jpg,
Vernis à ongles laque- L19 Wanna be a star,Sephora,3378872050919,"Maquillage, Maquillage pour les ongles, Vernis à ongles",https://images.openbeautyfacts.org/images/products/337/887/205/0919/front_fr.6.400.jpg,
Vernis à ongles laque,Sephora,3378872050933,"Maquillage, Maquillage pour les ongles, Vernis à ongles",https://images.openbeautyfacts.org/images/products/337/887/205/0933/front_fr.7.400.jpg,
N°22 Coffee in NY,Sephora,3378872050940,"Maquillage, Maquillage pour les ongles, Vernis à ongles",https://images.openbeautyfacts.org/images/products/337/887/205/0940/front_fr.7.400.jpg,Butyl Acetate • Ethyl Acetate • Nitrocellulose • Phthalic Anhydride/Trimellitic Anhydride/Glycols Copolymer • Acetyl Tributyl Citrate • Isopropyl Alcohol • CI 77499 (Iron Oxides) • Stearalkonium Hectorite • Acrylates Copolymer • Styrene/Acrylates Copolymer • Adipic Acid/Fumaric Acid/Phthalic Acid/Tricyclodecane Dimethanol Copolymer • CI 77491 (Iron oxides) • Copernicia Cerifera (Carnauba) Wax • Polyvinyl Butyral • CI 15850 (Red 7 Lake) • Citric Acid • Colophonium (Rosin) • Talc • Phosphoric Acid
"Vernis à ongles scintillant - 72 Tomorrow, detox!",Sephora,3378872056225,"Maquillage, Maquillage pour les ongles, Vernis à ongles",https://images.openbeautyfacts.org/images/products/337/887/205/6225/front_fr.6.400.jpg,
Fard à joues hydratant Rose Fraise N°09,Sephora,3378872057529,"Makeup,Face Makeup,Blush",https://images.openbeautyfacts.org/images/products/337/887/205/7529/front_fr.6.400.jpg,. Pilosa Extract Sucrose Vochinbrengende rouge. Nemlendiricii a Sorbic Acid Silica ⚫ Sorbitan Fad de obra hidatant Hydratačni valenka Phenoxyethanol Cetearyl Ethylhexanoate Hatho rumeno krema Xpampapy Isostearate BHT ⚫Tin Oxide ⚫ INGREDIENTS/Cocras: Talc Mica Magnesium Myristate Boron Nitride Nyon-12 Phenyl Trimethicone ⚫ CI 77891 (Titanium Dioxide) Octyldodecyl Stearoy Stearate C17791 ron Oxides) CI 15850 (Red 7) Cl 17492 (Iron Oxides). . Cocoate Palmitoyl Tripeptide-38 CI 42090 (Blue 1 Lake) CI 77499 (Iron Oxides) CI 12085 (Red 36) CI 77007 (Ultramarines). www.sephora.com
Outrageous volume,Sephora,3378872059882,,https://images.openbeautyfacts.org/images/products/337/887/205/9882/front_fr.3.400.jpg,
Coco gommage corps lissant,Sephora,3378872061717,"Corps, Gommages pour le corps",https://images.openbeautyfacts.org/images/products/337/887/206/1717/front_fr.10.400.jpg,"Glycerin, Aqua (Water), Polyethylene, Sorbitol, Styrene/Acrilates Copolymer, Parfum (Fragance), Phenoxyethanol, Carbomer, Caprylyl Glycol, Sodium Hydroxide, Benzotriazolyl, Dodecyl P-Cresol, Buteth-3, Coumarin, Cocos Nucifera (Coconut) Extract, Sodium Benzotriazolyl Butylphenol Sulfonate, Citric Acid, Tributyl Citrate, Potassium Sorbate, Sodium Benzoate"
Poudre compacte matifiante 8h,Sephora,3378872066927,"Maquillage, Maquillage pour le teint, Poudres fixantes, Poudres libres",https://images.openbeautyfacts.org/images/products/337/887/206/6927/front_en.5.400.jpg,
Vernis à ongles laqué - L30 Not that shy,Sephora,3378872067566,"Maquillage, Maquillage pour les ongles, Vernis à ongles",https://images.openbeautyfacts.org/images/products/337/887/206/7566/front_en.3.400.jpg,"Butyl acétate, Ethyl acétate, Nitrocellulose, Acetyl tributyl citrate, Phthalic anhydride/Trimellitic anhydride/Glycols copolymer, isopropyl alcohol, Stearalkonium hectorite, Adipic acid/Fumaric acid/Phthalic acid/Tricyclodecane Dimethanol Copolymer, CI 77891, Citric Acid, CI 19140, CI 77491, Styrene/Acrylates Copolymer, CI 77499"
Vernis à ongles,Sephora,3378872073208,"Maquillage, Maquillage pour les ongles, Vernis à ongles",https://images.openbeautyfacts.org/images/products/337/887/207/3208/front_en.9.400.jpg,"Butyl Acetate, Ethyl Acetate, Nitrocellulose, Phthalic Anhydride/Trimelitic Anhydride/Glycols Copolymer, Acetyl Tributyl Citrate, Isopropyl Alcohol, Mica, Stearalkonium Hectorite, Acrylates Copolymer, CI 77891 (Titanium Dioxide), Adipic Acid/Fumaric Acid/Phthalic Acid/Tricyclodecane Dimethanol Copolymer, Copernicia Cerifera (Carnauba) Wax, Polyvinyl Butyral, Silica, Citric Acid, Phosphoric Acid."
Vernis à ongles laque brillance 5 jours L18 Think Big,Sephora,3378872073369,"Maquillage, Maquillage pour les ongles, Vernis à ongles",https://images.openbeautyfacts.org/images/products/337/887/207/3369/front_fr.9.400.jpg,
Vernis à ongles Brillance 5 jours L49,Sephora,3378872073673,"Maquillage, Maquillage pour les ongles, Vernis à ongles",https://images.openbeautyfacts.org/images/products/337/887/207/3673/front_fr.5.400.jpg,"Butyl acetate, ethyl acetate, nitrocellulose, phthalic anhydride/trimellitic anhydride/glycols copolymer, acetyl tributyl citrate, isopropyl alcohol, stearalkonium hectorite, acrylates copolymer, CI 77891 (titanium dioxide), mica, adipic acid/fumaric acid/phthalic acid/tricyclodecane dimethanol copolymer, CI 15880 (red 34 lake), copernicia cerifera (carnauba) wax, CI 77499 (iron oxides), polyvinyl butyral, citric acid, styrene/acrylates copolymer, phosphoric acid, CI 73360 (red 30 lake)."
Vernis à ongles laque Brillance 5 jours,Sephora,3378872073697,"Maquillage, Maquillage pour les ongles, Vernis à ongles",https://images.openbeautyfacts.org/images/products/337/887/207/3697/front_fr.5.400.jpg,"Butyl Acetate, ethyl acetate, nitrocellulose, phthalic anhydride/trimellitic anhydride/glycols copolymer, acetyl tributyl citrate, isopropyl alcohol, CI 77742 (manganese violet), stearalkonium hectorite, adipic acid/fumaric acid/phthalic acid/tricyclodecane dimethanol copolymer, CI 77891 (titanium dioxide), CI 42090 (Blue 1 Lake), CI 15880 (Red 34 Lake), CI 15850 (Red 7 Lake), citric acid."
Vernis à ongles laque Brillance 5 jours L52,Sephora,3378872073703,"Maquillage, Maquillage pour les ongles, Vernis à ongles",https://images.openbeautyfacts.org/images/products/337/887/207/3703/front_fr.5.400.jpg,"Butyl acetate, ethyl acetate, nitrocellulose, phthalic anhydride/trimelitic anhydride/glycols copolymer, acetyl tributyl citrate, isopropyl alcohol, CI 77742 (manganese violet), CI 77007 (Ultramarines), stearalkonium hectorite, adipic acid/fumaric acid/phthalic acid/tricyclodecane dimethanol copolymer, CI 77891 (titanium dioxide), CI 15880 (red 34 lake), citric acid."
Lilas bleu crème de douche,Sephora,3378872083023,"Hygiène, Douches et bains, Gels douche",https://images.openbeautyfacts.org/images/products/337/887/208/3023/front_fr.6.400.jpg,
Lait démaquillant ultra-fondant,Sephora,3378872083498,"Visage, Démaquillants, Laits démaquillants",https://images.openbeautyfacts.org/images/products/337/887/208/3498/front_fr.4.400.jpg,
Teint infusion,Sephora,3378872085201,"Maquillage, Maquillage pour le teint, en:foundations",https://images.openbeautyfacts.org/images/products/337/887/208/5201/front_fr.6.400.jpg,
Poudre lissante éclat incolore,Sephora,3378872085713,"Maquillage, Maquillage pour le teint, Poudres fixantes, Poudres libres",https://images.openbeautyfacts.org/images/products/337/887/208/5713/front_fr.6.400.jpg,
Blush,Sephora,3378872086444,fr:Cosmetique,,
Mini palette naturel & pop,Sephora,3378872088813,Maquillage,https://images.openbeautyfacts.org/images/products/337/887/208/8813/front_fr.5.400.jpg,
Gelée micellaire,Sephora,3378872089681,,https://images.openbeautyfacts.org/images/products/337/887/208/9681/front_fr.3.400.jpg,
Ombre à paupières délipsable Sir yes sir! n°275,SEPHORA,3378872092070,"Maquillage, Maquillage pour les yeux",https://images.openbeautyfacts.org/images/products/337/887/209/2070/front_fr.13.400.jpg,"Cl 77891  (Titanium Dioxide) , Mica , Magnesium Myristate , Talc , lsostearyl Neopentanoate , Lauroyl Lysine , Dipentaerythrityl Pentaisononanoate , Phenyl Trimethicone , Cl 77499 (Iron Oxides) , Cl 77491 (Iron Oxides) , Cl 77492 (Iron Oxides) , Cl 77510 (Ferric Ferrocyanide) , Ethylhexylglycerin , Maltodextrin , Sorbic Acid , BHT , Tin Oxide , Camellia Sinensis Leaf Extract , Cl 77742 (Manganese Violet) , Cl 19140 (Yellow 5) , 01 77007 (Ultramarines) , Cl L42090 (Blue 1 Lake)"
Masques tissus,Sephora,3378872092803,,https://images.openbeautyfacts.org/images/products/337/887/209/2803/front_fr.3.400.jpg,
Anticerne,Sephora,3378872095811,,https://images.openbeautyfacts.org/images/products/337/887/209/5811/front_fr.3.400.jpg,
masque mains avocat,Sephora,3378872096030,,,
Super démaquillant yeux waterproof,Sephora,3378872096061,,https://images.openbeautyfacts.org/images/products/337/887/209/6061/front_fr.4.400.jpg,
démaquillant yeux,Sephora,3378872096078,"Démaquillant, open beauty facts",,
Super huile démaquillante,Sephora,3378872096337,,https://images.openbeautyfacts.org/images/products/337/887/209/6337/front_fr.3.400.jpg,
Huile nourrissante qui fait tout,Sephora,3378872097716,,https://images.openbeautyfacts.org/images/products/337/887/209/7716/front_fr.3.400.jpg,
Be Atomic bain douche moussant senteur fleur de coton,"Be Atomic, Sephora",3378872098157,"Hygiène, Douches et bains, Bains moussants",,"Aqua (water), sodium laureth sulfate, glycerin, cocamidopropyl bataine, acrylates crosspolymer-4, parfum (fragrance), sodium chloride, sodium benzoate, citric acid, mannitol, potassium sorbate, disodium EDTA, cellulose, benzotriazolyl dodecyl p-cresol, linalool, buteth-3, coumarin, citronellol, sodium benzotriazolyl butylphenol sulfonate, hydroxycitronellal, acrylates copolymer, geraniol, CI 73360 (red 30 lake), hydroxypropylcellulose, decyl glucoside, talc, triethyl citrate, acrylates/ammonium methacrylate copolymer, hydroxypropyl methylcellulose, mica, caprylic/capric triglyceride, tributyl citrate, sodium hydroxide, PEG-150 pentaerythrityl tetrastearate, PEG-6 caprylic/capric glycerides, polysorbate 20, CI 77891 (titanium dioxide), CI 17200 (red 33), CI 19140 (yellow 5)."
Masque yeux thé vert,Sephora,3378872100072,"Visage, Masques visage",https://images.openbeautyfacts.org/images/products/337/887/210/0072/front_fr.4.400.jpg,
masque pieds amande,Sephora,3378872102007,,https://images.openbeautyfacts.org/images/products/337/887/210/2007/front_fr.3.400.jpg,
Sephora Collection Nose Strip Charcoal 1 Strip,Sephora,3378872102113,,,Acohol Denat. ? Vinyd CaprolactamA/P/Dimethydaminoethyi Methactylate ? Sifica Dimethyd stMate ? Aqua (Water) ? PEG-12 Dimethicone ? CharcoaJ Powder ? Ct 77891 (Tftanium Dioxide) ? Alantoin ? T?ophen/ Acetate ? Dipotasium GhycyThizate ? CI 77499 (Iron Oxdes) ? Aoe Bamadensis Leaf Juice Povv'dee ? Hamamelis Virginiana (Wrtch Haze0 BarklLeaf/Twig Extract ? Gtycol ? T-Butyd Acohol ? Cameffla Sinensis Leaf Extract ? Matcxjextm ? ? Denatonium Benzoate.
Lingettes démaquillante,Sephora,3378872103547,,,
Lingettes matifiantes thé vert Visage,Sephora,3378872103578,"Accessoires, Lingettes imprégnées",https://images.openbeautyfacts.org/images/products/337/887/210/3578/front_fr.4.400.jpg,
Baume lèvres rose,Sephora,3378872105329,"en:lip-cosmetics, Visage, Baumes à lèvres",https://images.openbeautyfacts.org/images/products/337/887/210/5329/front_fr.9.400.jpg,
Gelée Micellaire démaquillante yuzu,Sephora,3378872105435,,https://images.openbeautyfacts.org/images/products/337/887/210/5435/front_fr.3.400.jpg,
Lait micellaire demaquillant,Sephora,3378872105442,,https://images.openbeautyfacts.org/images/products/337/887/210/5442/front_fr.4.400.jpg,"Aqua, glycerin, poloxamer 184, phenoxyethanol, acrylate copolymer, butylene glycol, PEG-40, hydrogenated castor oil, propyle glycol, parfum (fragrance) cantharide gum, citron acide,"
Crème main hydratante à la mangue,SEPHORA,3378872105992,,https://images.openbeautyfacts.org/images/products/337/887/210/5992/front_fr.3.400.jpg,
Crème mains hydratante,Sephora,3378872106005,,https://images.openbeautyfacts.org/images/products/337/887/210/6005/front_fr.4.400.jpg,
palette de  maquillage ,sephora,3378872112600,,https://images.openbeautyfacts.org/images/products/337/887/211/2600/front_fr.3.400.jpg,
Creme main wonderland,Sephora,3378872112792,,https://images.openbeautyfacts.org/images/products/337/887/211/2792/front_fr.4.400.jpg,"Cromo mains hydratante tryfir•o tcxRe Moisturizing hand croam Witt&quot; cxtrzLt. skin soft and moisturizod alt day Dermatologgcalty testod. Cara • • rrün • • • Czcxra (&quot;tru rr&i • • rw rura&quot; • puo • • • d oc*cm • • • • CICM 8 • Stuate • • Paeun • Stuc'/ • • Cnrrwn • rss,rA.rn • PotsÀrn • z z tzŒmCA94105, in"
Winter,Sephora,3378872113560,,https://images.openbeautyfacts.org/images/products/337/887/211/3560/front_fr.4.400.jpg,
SUPERMASK - The Mud Mask,Sephora,3378872116165,,,"Aqua, Bentonite, Kaolin, Propanediol, Cetyl Alcohol, Dimethicone, Glycerin, Benzyl Glycol, Panthenol, lilite, Glyceryl Stearate, PEG-100 Stearate, 1,2 Hexanediol, Polyacrylamide, Phenoxyethanol, Dipotassium Glycyrrhizate, Montmorillonite, Ethylhexylglycerin, Allantoin, C13-14 Isoparaffin, Saccharide Isomerate, CI 77288 (Chromium Oxide Greens), XanthanGum, Parfum (Fragrance), Citric Acid, Disodium EDTA, Laureth-7, Rasberry Ketone, Sodium Citrate, Tocopherol"
Patchs Anti-Imperfections,Sephora,3378872116189,,,"Acrylates Copolymer, Glycine Soja (Soybean) Oil, Vitis Vinifera (Grape) Seed Oil, Melaleuca Alternifolia (Tea Tree) Leaf Oil, Salicylic Acid, Lavandula Angustifolia (Lavender) Oil, Ascorbyl Palmitate, Linalool, Limonene, Geraniol."
Poudre de soleil irisee,Sephora,3378872116479,,https://images.openbeautyfacts.org/images/products/337/887/211/6479/front_fr.3.400.jpg,
Colorful mat,Sephora,3378872116790,Visage,,
Crème fouettée corps hydratante,Sephora,3378872116974,"Corps, Crèmes pour le corps",https://images.openbeautyfacts.org/images/products/337/887/211/6974/front_fr.3.400.jpg,"Aqua (Water) Caprylic/Capric Triglyceride Glycenin orheur Isopropyl Palmitate Butyrospermum Parkii (Shea Butter) Glyceryl Stearale PEG-100 Stearate Phenoxyethanol Sodium Polyacrylate Parfum (Fragrance) Cetearyl Alcohol Sodium Polyacrylate Starch Caprylyl Glycol 1,2-Hexanediol Xanthan Gum (Watermelon) Fruit Extract. . . Citrullus Lanatus i all ,/0avenue des champs-élysées F-75008 paris, st. by sephora usa s a francisco CA 94105. uier made in France. ight Wsephora.com 12M 34378872 116974"
Masque visage thé vert,Sephora,3378872117049,"Visage, Masques visage",https://images.openbeautyfacts.org/images/products/337/887/211/7049/front_fr.3.400.jpg,
Gommage corps pastèque,Sephora,3378872118664,,https://images.openbeautyfacts.org/images/products/337/887/211/8664/front_fr.3.400.jpg,
Masque mains avocat,SEPHORA,3378872125419,,https://images.openbeautyfacts.org/images/products/337/887/212/5419/front_fr.3.400.jpg,
,Sephora,3378872127871,en:Masque pour la peau,https://images.openbeautyfacts.org/images/products/337/887/212/7871/front_en.5.400.jpg,
Ama,Sephora,3378872129318,"Gel nettoyant visage, tonifiant",,
Masque,Sephora,3378872134824,Visage,,
White Clay Mattifying Cleanser,SEPHORA,3378872135012,,https://images.openbeautyfacts.org/images/products/337/887/213/5012/front_fr.3.400.jpg,
Voile hydratant fraîcheur corps,Sephora,3378872141587,"Non-food-products,Open-beauty-facts,fr:Soin",https://images.openbeautyfacts.org/images/products/337/887/214/1587/front_fr.6.400.jpg,
Masques mains mangue,Sephora,3378872141884,Mains,,
Masques mains concombre,Sephora,3378872141891,Mains,,
Masques pieds coco,Sephora,3378872141907,Pieds,,
Masques pieds cactus,Sephora,3378872141914,fr:pieds,,
Masques mains mangue,Sephora,3378872141938,,https://images.openbeautyfacts.org/images/products/337/887/214/1938/front_fr.3.400.jpg,
Sérum visage nuit chanvre,Sephora,3378872141969,Soin,,
Masque cheveux nuit coco,Sephora,3378872142478,Cheveux,,
Gentle pH Balancing Toner,SEPHORA,3378872143468,,https://images.openbeautyfacts.org/images/products/337/887/214/3468/front_fr.3.400.jpg,
watermelon hand balm,sephora,3378872152385,"Non-food-products,Open-beauty-facts",https://images.openbeautyfacts.org/images/products/337/887/215/2385/front_fr.12.400.jpg,"Aqua (Water) • Glycerin • Isononyl Isononanoate (Butyrospermum Parkii (Shea Butter) • Hydrogenated Çoconuethyl Acrylate/Sodium Acryloyldimethyl Taurate: Copolymer • Beta-Sitosterol • Cetyl Alcohol • Allantoin Hýdroxyacetophenone Potassium Cetyl Phosphate Parfum (Fragrance). Methyl Methaćrylate 'Crosspolymer Acetáte Isostearate • Citrullus Lanatus (Watermelon) Fruit Extract • Citric Acid Sodium Hydroxide • Potássium Sorbate • Sodium Benzoate • Cl 16035 (Red 40) . CI 42090 (Blue 1). St, 70 avenue des champs-élysées 75008 paris France, dist. by sephora usa san francisco CA 94105. made in France. Butyrospermum Parkii Butter Oil • Paraffin • Oryza Sativa (Rice) Starch. Phenoxyethanol. Tocopheryl Xanthan Gum • Polysorbate 60 • Sorbitan 00 3. 12M www.sephora.com"
masque nuit lèvres,SEPHORA,3378872154129,,https://images.openbeautyfacts.org/images/products/337/887/215/4129/front_fr.7.400.jpg,
,Sephora,3378872158066,,,
Wild Wish,Sephora,3378872159650,,https://images.openbeautyfacts.org/images/products/337/887/215/9650/front_fr.3.400.jpg,Aqua (Water) Sodium Laureth Sulfate 0 • • Glycerin Cocamidopropyl Betaine • Lauryl Glucoside Acrylates Copolymer. Sodium Chloride Sodium Benzoate. Parfum (Fragrance) Citric Acid Styrene/Acrylates Copolymer PEG-200 Hydrogenated Glyceryl Palmate Sucrose Cocoate Coconut Acid . Guar Hydroxypropyltrimonium Chloride PEG-7 Glyceryl Cocoate Linalool Coumarin. Phenoxyethanol Polysorbate 20. Gossypium Herbaceum (Cotton) Extract Benzoic Acid Dehydroacetic Acid Potassium Sorbate CI 17200 (Red 33) CI 19140 (Yellow 5) Laureth-7. Phosphoric Acid Sodium Sulfate. ● • ● www.sephora.com
masque,Sephora,3378872181828,,https://images.openbeautyfacts.org/images/products/337/887/218/1828/front_xx.3.400.jpg,Nourishing & soothing minutes SEPHORA Masque visage cannelle Cinnamon face mask Parfum lait de cannelle Cinnamon latte scent 95% ingrédients d'orngine naturelle ingredients fron natural origin 1 masque 1 mask Teu issu d'ouclyptus Fcalyptus denvod tiber WIKO
,Sephora,3378872187981,,https://images.openbeautyfacts.org/images/products/337/887/218/7981/front_fr.9.400.jpg,
Blush crème multi-usages,Sephora,3378872193524,,https://images.openbeautyfacts.org/images/products/337/887/219/3524/front_fr.3.400.jpg,
Super hardener,Sephora,3378872200215,,https://images.openbeautyfacts.org/images/products/337/887/220/0215/front_en.3.400.jpg,
BAUME MAINS,SEPHORA,3378872217763,"fr:CREME POUR LES MAINS, en:open-beauty-facts",https://images.openbeautyfacts.org/images/products/337/887/221/7763/front_fr.3.400.jpg,"Aqua (Water)Butyrospermum S+, 75008 Paris, France in USA, Dist. Sepho Håndbalsam Parki Butter (Butyrospermum Parki (Shea USA SF CA 94105 9 Buttor, Glyceryl Stearate Se Glycerin. Mynstyl Alcohol Cetearyl Alcohol Undecane Distarch Phosphate Pentylene Glycol Tridecane Cocos Nucifera (Coconut) Oil. 1,2-Hexanediol • Hydroxyacetophenone 4"
Crème corps effet peau neuve,Sephora,3378872218234,,https://images.openbeautyfacts.org/images/products/337/887/221/8234/front_fr.3.400.jpg,
,Sephora,3378872227953,fr:Compléments alimentaires,https://images.openbeautyfacts.org/images/products/337/887/222/7953/front_fr.11.400.jpg,
Hand balm Nourishing & comforting,Sephora,3378872234500,"Corps,Crèmes pour les mains,Crèmes hydratantes",https://images.openbeautyfacts.org/images/products/337/887/223/4500/front_it.4.400.jpg,"Beurre de karité (10%), extrait de pastèque"
"savon liquide, certifié bio",l'artisanat savonnier,3489940081169,,https://images.openbeautyfacts.org/images/products/348/994/008/1169/front_fr.7.400.jpg,"Aqua (Water), Potas - sium Olivate**, Potassium Cocoate**, Glycerin**, Sodium Chloride, Citric Acid, Lavandula Hybrida Oil*, Linalool***. *Ingrédient issu de l'Agriculture Biologique **Transformé à d'ingrédients partir biologiques ***Substance naturellement présente dans les huiles essentielles 100% du total est d'origine naturelle 14% du total des ingrédients sont issus de l'Agriculture Biologique COSMOS COSMECERT par ORGANIC le certifié référentiel selon COSMOS disponible sur : https://cosmos-standard.org *Ingredient from Organic Farming **Made using Organic ingredients ***Substance naturally present in essential oils 100% natural origin of total 14% organic of total COSMOS by ORGANIC COSMECERT according to COSMOS Standard. 12 M FRANCE OND Laboratoire Gravier ZAE du Grand Lussan F-30580 LUSSAN contact@labogravier.com"
Lait corporel,Savonnerie artisanale de Provence,3700601500127,,https://images.openbeautyfacts.org/images/products/370/060/150/0127/front_fr.6.400.jpg,"AQUA. COCOS NUCIFERA OIL, ISOPROPYL MYRISTATE, GLYCERYL STEARATE, PEG-100 STEARATE, CETEARYL ALCOHOL, ARGANIA SPINOSA KERNEL OIL&quot;, BUTYROSPERMUM PARKII BUTTER, GLYCERIN, SORBITOL, PARFUM, BENZYL ALCOHOL, POLYACRYLAMIDE, ETHYLHEXYLGLYCERIN, XANTHAN GUM, LAURETH-7, SODIUM BENZOATE, CITRIC ACID, LIMONENE, HELIANTHUS ANNUUS SEED OIL, ROSMARINUS OFFICINALIS LEAF EXTRACT, POTASSIUM SORBATE, HEXYL CINNAMAL. COUMARIN, CITRONELLOL. CITRAL, GERANIOL, LINALOOL. SODIUM C13-14 ISOPARAFFIN, PCA, CETEARETH-33. 250ml SANS PARAREN SANS SILICONE"
Le mineur charbon-menthe,Savon artisanal du Val d'Argent,3770002220146,"Hygiène,Savons,savons",https://images.openbeautyfacts.org/images/products/377/000/222/0146/front_en.6.400.jpg,"Sodium cocoate**, sodium olivate**, glycérin**, aqua, sodium arganate**, charcoal powder** mentha piperita oil*, limonene ** (Huile de coco**, huile d'olive**, glycérine**, eau, huile d'argan* charbon végétal**, huile essentielle menthe*, limonene). * ingrédients issus de l'agriculture biologique ** Ingrédients fabriqués à partir d'ingrédients issus de l'agriculture biologique. 79,58 % du total des ingrédients sont issus de l'agriculture biologique. 100 % du total des ingrédients sont d'origine naturelle."
dentifrice en poudre au charbon végétal et à la menthe,savonnerie argasol artisanale du Val d'argent,3770002220986,Cosmétique,https://images.openbeautyfacts.org/images/products/377/000/222/0986/front_fr.24.400.jpg,"argile blanche, bicarbonate de soude, charbon végétal, huile essentielle de menthe"
Gel mains antibactérien - Oh My Lemon,Sephora,3770004599196,,,sec
Vaseline,Isana,4047196040775,"en:Body,Handcremes,Hautpflege",https://images.openbeautyfacts.org/images/products/404/719/604/0775/front_pl.12.400.jpg,Petrolatum.
,Isana Men,4047196045923,Aftershaves,https://images.openbeautyfacts.org/images/products/404/719/604/5923/front_hu.3.400.jpg,"Aqua, Caprylic/Capric Triglyceride, Glycerin, Polyglyceryl-3 Dicitrate/Stearate, Coco-Caprylate, Cetearyl Alcohol, Aloe Barbadensis Leaf Juice, Panthenol, Chamomilla Recutita Flower Extract, Tocopherol, Bisabolol, Propylene Glycol, Farnesol, Citric Acid, Sodium Hydroxide, Xanthan Gum, Gellan Gum, Parfum, Limonene, Benzoic Acid, Dehydroacetic Acid, Phenoxyethanol, Potassium Sorbate, Sodium Benzoate. Dirk Bosemann GmbH Isernhägener Str. 16"
Dry Shampoo,Isana,4047196057247,,https://images.openbeautyfacts.org/images/products/404/719/605/7247/front_fr.3.400.jpg,
pasta do zębów bio z miętą,alterra rossmann,4047196057278,pasta do zębów,https://images.openbeautyfacts.org/images/products/404/719/605/7278/front_pl.3.400.jpg,
Chusteczki higieniczne z recyklingu,"alouette, Rossmann",4047196057902,Chusteczki higieniczne,https://images.openbeautyfacts.org/images/products/404/719/605/7902/front_pl.3.400.jpg,
Żel do golenia sensitive,Isana Men,4047196059494,Shaving gel,https://images.openbeautyfacts.org/images/products/404/719/605/9494/front_pl.3.400.jpg,
Cherry Delight,Isana,4047196062913,,https://images.openbeautyfacts.org/images/products/404/719/606/2913/front_fr.3.400.jpg,
Capsule Omega 3,Optisana Vital,4056489762591,Integratori Alimentari,https://images.openbeautyfacts.org/images/products/405/648/976/2591/front_it.18.400.jpg,
SONNENFLUID SENSITIV LSF 50,"ROSSMANN, Sun ozon",4068134010483,,https://images.openbeautyfacts.org/images/products/406/813/401/0483/front_de.8.400.jpg,
leche corporal,isana,4068134023001,"Tipo de producto incorrecto,en:non-food-products,en:open-beauty-facts",https://images.openbeautyfacts.org/images/products/406/813/402/3001/front_en.5.400.jpg,
Milde Seife Tropical Dresm,Isana,4068134024060,"Non-Food-Produkte, Open Beauty Facts",https://images.openbeautyfacts.org/images/products/406/813/402/4060/front_de.3.400.jpg,
Zahncreme BIO-Kräuter (Fluoridfrei),Alterra Naturkosmetik (von Rossmann),4068134024862,Zahnpasten,https://images.openbeautyfacts.org/images/products/406/813/402/4862/front_de.3.400.jpg,"INGREDIENTS: AQUA, GLYCERIN, HYDRATED SILICA, XYLITOL, SODIUM LACTATE, CALCIUM CARBONATE, XANTHAN GUM, DISODIUM COCOYL GLUTAMATE, PEN - TYLENE GLYCOL, SODIUM COCOYL GLUTAMATE, SO - DIUM HYDROXIDE, LACTIC ACID, SALVIA OFFICINALIS LEAF EXTRACT**, EUCALYPTUS GLOBULUS LEAF EXTRACT**, ECHINACEA PURPUREA EXTRACT** CHAMOMILLA RECUTITA FLOWER EXTRACT**, THYMUS VULGARIS LEAF EXTRACT**, LEVULINIC ACID, SODIUM LEVULINATE, AROMA***, LIMONENE***  ** FROM CERTIFIED ORGANIC AGRICULTURE  *** FROM NATURAL ESSENTIAL OILS"
Shampoo Jeden Tag,Isana Med,4068134039743,"Hair,Shampoos",https://images.openbeautyfacts.org/images/products/406/813/403/9743/front_de.15.400.jpg,"INGREDIENTS: Aqua, Sodium Laureth Sulfate, Urea, Sodium Chloride, Cocamidopropyl Betaine, Sodium Cocoyl Glutamate, Disodium Cocoamphodiacetate, Panthenol, Sodium Laureth-8 Sulfate, Glycol Distearate, Magnesium Laureth Sulfate, Magnesium Laureth-8 Sulfate, Laureth-4, Sodium Oleth Sulfate, Magnesium Oleth Sulfate, Parfum, Citric Acid, Sodium Benzoate, Potassium Sorbate, Glycerin, Propylene Glycol, Formic Acid."
Milde Seife Wichteltraum,Isana,4068134052476,"Non-Food-Produkte, Open Beauty Facts",https://images.openbeautyfacts.org/images/products/406/813/405/2476/front_de.6.400.jpg,
ISAMA MED Händedesinfektionsmittel,ISANA MED,4068134070463,,,
Shampoo,Isana,4068134071095,"Shampoos, Open Beauty Facts",,
ISANA Verwöhnende Seife Persian Feeling,ISANA,4068134072405,Seifen,,"Aqua, Sodium Laureth Sulfate, Sodium Chloride, Cocamidopropyl Betaine, Coco-Glucoside, Glyceryl Oleate, Sodium Lactate, Parfum, Tocopherol, Hydrogenated Vegetable Glycerides Citrate, Sodium Citrate, Citric Acid, Sodium Benzoate, Citrus Aurantium Peel Oil, Limonene, CI 16255"
Handcreme Olive,Isana,4068134094438,Handcremes,https://images.openbeautyfacts.org/images/products/406/813/409/4438/front_de.3.400.jpg,"Aqua, Glycerin, Glyceryl Stearate SE, Isopropyl Palmitate, Caprylic/Capric Triglyceride, Cetyl Alcohol, Olea Europaea Fruit Oil Panthenol, Phenoxyethanol, Hydrogenated Vegetable Oil, Parfum, Acacia Senegal Gum, Sodium Cetearyl Sulfate, Xanthan Gum, Caprylyl Glycol, Tetrasodium Glutamate Diacetate, Citric Acid, Tetramethyl Acetyloctahydronaphthalenes, Terpi neol, Linalyl Acetate, Hexyl Cinnamal, Linalool Gironellol, Alpha-Isomethyl Ionone, Acetyl Ce drene, Coumarin, Amyl Cinnamal, Tocopherol Geraniol, Limonene, Sodium Hydroxide"
ISANA Trockenshampoo Oriental Delight,ISANA,4068134106995,Trockenshampoo,,"Butane, Oryza Sativa Starch, Alcohol Denat., Aqua, Parfum, Cetrimonium Chloride, Tetramethyl Acetyloctahydronaphthalenes, Distearyldimonium Chloride, Linalool, Vanillin, Linalyl Acetate, Citronellol, Geraniol, Isopropyl Alcohol."
ISANA Deo- und Bodyspray Ocean Bliss,ISANA,4068134107541,Deospray,,"Butane, Alcohol Denat., Propane, Triethyl Citrate, Isobutane, Glycerin, Isopropyl Myristate, Parfum, Phenoxyethanol, Ethylhexylglycerin, Aqua, Tetramethyl Acetyloctahydronaphthalenes, Linalyl Acetate, Isoeugenyl Acetate, Tocopherol."
Augenpads Cutieful Eyes,Isana,4068134107640,,https://images.openbeautyfacts.org/images/products/406/813/410/7640/front_de.3.400.jpg,
Blue dushgel,Isana,4068134108159,Shampoo 5in1,https://images.openbeautyfacts.org/images/products/406/813/410/8159/front_en.3.400.jpg,"Aqua, Sodium Laureth Sulfate, Glycerin, Sodium Chloride, Cocamidopropyl Be - taine, Coco-Glucoside, Glyceryl Oleate, Hydroxy - propyl Guar Hydroxypropyltrimonium Chloride, Parfum, Citrus Paradisi Fruit Extract, Tocopherol, Hydrogenated Vegetable Glycerides Citrate, So - dium Citrate, Benzophenone-4, Citric Acid, Sodium Benzoate, Potassium Sorbate Tetramethyl Acetyl - octahydronaphthalenes, CI 28400, CI 42090."
Work & repair,Isana,4068134111142,Handcremes,https://images.openbeautyfacts.org/images/products/406/813/411/1142/front_de.3.400.jpg,
ISANA Cremeseife Christmas Feelings,ISANA,4068134129291,Seifen,,
Deo Roll-On,Isana,42335696,,https://images.openbeautyfacts.org/images/products/000/004/233/5696/front_de.6.400.jpg,
Lippenpflege Intensiv,isana,42348450,,https://images.openbeautyfacts.org/images/products/000/004/234/8450/front_de.4.400.jpg,
,Isana,42348511,"Déodorants anti-transpirants,Déodorants bille",https://images.openbeautyfacts.org/images/products/000/004/234/8511/front_de.5.400.jpg,"INGREDIENTS: Aqua, Triethyl Citrate, Glycerin, Glyceryl Stearate Citrate, Caprylic/Capric Triglyceride, Parfum, Cetearyl Alcohol, Sodium Benzoate, Myristyl Myristate, Ethylhexylglycerin, Lactic Acid, Xanthan Gum, Allantoin, Amyl Salicylate, Tetramethyl Acetyloctahydronaphthalenes, Linalyl Acetate, Vanillin, Tocopherol, Sodium Hydroxide."
Deo Roll-On Sensitiv,"Isana, Rossmann",42348535,"en:hygiene, en:deodorants",https://images.openbeautyfacts.org/images/products/000/004/234/8535/front_de.5.400.jpg,"Aqua, Isopropyl Myristate, Glyceryl Stearate Citrate, Sodium Stearoyl Glutamate, Cetearyl Alcohol, Parfum, Phenoxyethanol, Carbomer, Propylene Glycol, Ethylhexylglycerin, Octenidine HCI, Tocopherol, Sodium Hydroxide."
Deo Roll-On Fresh,Isana,42348542,Deodorante,https://images.openbeautyfacts.org/images/products/000/004/234/8542/front_de.10.400.jpg,"Aqua, Isopropyl Myristate, Glycerin, Glyceryl Stearate Citrate, Cetearyl Alcohol, Myristyl Myristate, Parfum, Panthenol, Pantolactone, Aloe Barbadensis Leaf Juice, Hydroxyethylcellulose, Propylene Glycol, Ethylhexylglycerin, Octenidine HCI, Tocopherol, Polyglyceryl-3 Caprylate, Phenoxyethanol, Sodium Benzonate, Ptassium Sorbate, Citric Acid, Sodium Hydroxide"
Deodorant Fresh,Isana Men,42348634,"Non-Food-Produkte, Open Beauty Facts",https://images.openbeautyfacts.org/images/products/000/004/234/8634/front_de.5.400.jpg,"Aqua, Isopropyl Myristate, Gly - cerin, Glyceryl Stear - 4234 8634 ate Citrate, Myristyl My - ristate, Cetearyl Alcohol, Panthenol, Allantoin, Men - tha Aquatica Extract, Hy - droxyethylcellulose, Propyl - ene Glycol, Ethylhexylglycerin, Octenidine HCI, Tocopherol, Polyglyceryl-3 Caprylate, Glu - cose, Lactic Acid, Parfum, Phenoxyethanol, Citric Acid, Sodium Hydroxide. Dirk Rossmann GmbH 30938 Burgwedel Germany 50ml e 12 M"
"Lippenpflege Isana, Aloe Vera",Rossmann,42402107,"Non-Food-Produkte, Open Beauty Facts",https://images.openbeautyfacts.org/images/products/000/004/240/2107/front_de.4.400.jpg,
Deocreme mit Natron,Isana,42402152,de:Deodorante,https://images.openbeautyfacts.org/images/products/000/004/240/2152/front_en.7.400.jpg,"Ethylhexyl Stearate, Zea Mays Starch, Sodium Bicarbonate, Butyrospermum Parkii Butter, Rhus Verniciflua Peel Cera, Cande - lilla Cera, Aqua, Caprylic/Capric Triglyceride, Silica, CI 77947, Helianthus Annuus Seed Oil, Parfum, Prunus Amygdalus Dulcis Oil, Benzyl Benzoate, Benzyl Salicylate, Linalool, Limo - nene, Geraniol, Citral, Citronellol, Alpha-Iso - methyl Ionone, Farnesol, Benzyl Alcohol."
Isana Body Milk,Rossmann,4305615052779,,https://images.openbeautyfacts.org/images/products/430/561/505/2779/front_de.3.400.jpg,
Perlodent med,Rossmann,4305615079998,,https://images.openbeautyfacts.org/images/products/430/561/507/9998/front_de.5.400.jpg,
RIVAL DE LOOP Dramatic Khol Kajal 01 - Black,RIVAL DE LOOP,4305615117676,Kajalstifte,,"CI 77499, HYDROGENATED COCO-GLYCERIDES, PARAFFINUM LIQUIDUM, HYDROGENATED CASTOR OIL, HYDROGENATED PALM OIL, CERA MICROCRISTALLINA, LANOLIN, CAPRYLYL GLYCOL, ETHYLHEXYLGLYCERIN, TOCOPHEROL, LECITHIN, GLYCERYL STEARATE, ASCORBYL PALMITATE, GLYCERYL OLEATE, CITRIC ACID"
Wundspray,"Altapharma, Rossmann",4305615200033,,https://images.openbeautyfacts.org/images/products/430/561/520/0033/front_fr.9.400.jpg,
Alterra Naturkosmetik,Rossmann,4305615307640,"en:hygiene, en:soaps",https://images.openbeautyfacts.org/images/products/430/561/530/7640/front_de.4.400.jpg,
,ISANA med,4305615338798,,https://images.openbeautyfacts.org/images/products/430/561/533/8798/front_de.3.400.jpg,Aqua | Urea | Cetearyl Alcohol | Glyceryl Stearate | Propylene Glycol | Ethylhexyl Stearate | Isopropyl Myristate | Glycerin | Butyrospermum Parkii Butter | Panthenol | Tocopheryl Acetate | Sodium Cetearyl Sulfate | Phenoxyethanol | Benzyl Alcohol | Sodium Lactate | Lactic Acid | Sodium Hydroxide | Citric Acid
ISANA MED Creme-Öl Dusche,Isana Med,4305615338897,en:Shower gel,,
Active Clear - Anti-Pickel,ISANA young,4305615339177,Waschcreme,https://images.openbeautyfacts.org/images/products/430/561/533/9177/front_de.4.400.jpg,"Aqua, Coco-Glucoside, Glycerin, Cocamido- propyl Betaine, Caprylyl/Capryl Glucoside, Acrylates/ C10-30 Alkyl Acrylate Crosspolymer, Phenoxyethanol Lauryl Glucoside, Stearyl Citrate, Sodium Chloride, Parfum Glyceryl Oleate, Zinc PCA, Salicylic Acid, Sodium Hydroxide, Citric Acid, Ethylhexylglycerin, Disodium EDTA, Benzoic Acid, Linalool, CI 42090"
Fruchtsäure Peeling,"Isana, Rossmann",4305615339221,,https://images.openbeautyfacts.org/images/products/430/561/533/9221/front_de.4.400.jpg,
Isana Med Arztseife [Spezial],Rossmann,4305615343105,,https://images.openbeautyfacts.org/images/products/430/561/534/3105/front_de.7.400.jpg,"Aqua, Sodium Laureth Sulfate, Cocamidopropyl Betaine, Lactic Acid, Sodium Chloride, Coco-Glucoside, Glyceryl Oleate, Glycerin, Panthenol, Farnesol, Glycol Distearate, Laureth-4, Parfum, Citric Acid, Sodium Benzoate, Potassium Sorbate, Formic Acid"
Styling Gel for men 5+ mega stark,Isana,4305615343488,Haargele,https://images.openbeautyfacts.org/images/products/430/561/534/3488/front_de.4.400.jpg,"AQUA, ALCOHOL DENAT VP/VA COPOLYMER, PVP, SORBITOL, PROPYLENE GLYCOL, NIACINAMIDE, PARFUM, ETHYLHEXYLGLYCERIN, CAPRYLYL/CAPRY GLUCOSIDE, CARBOMER, BENZYL ALCOHOL, PHENOXYETHANOL, LIMONENE, LINALOOL, AMINOMETHYL PROPANOL"
Nagellack Entferner,ISANA,4305615346021,,https://images.openbeautyfacts.org/images/products/430/561/534/6021/front_de.4.400.jpg,
Isana Cremeseife Olive,ISANA,4305615346120,en:open-beauty-facts,,"VIRKUNG & PFLECE ISNA Cremeseife Olive reinigt und pflegt Ihre Hânde g fürTag. Ausgesuchte Waschsubstanzen reinigen sanft und honend. Ein natürliches, hautverwandtes Pflegelipid schützt 4Ad pflegt Ihre Haut. Der enthaltene softpflege-Komplex hàlt Ire Hânde zart und geschmeidig. HAUTVERTRA LICHKEIT ermatologisch bestâtigt und pH-hautneutral PFLECETIPP :remen Sie Ihre Hânde nach dem Reinigen mit ISANA landcreme ein. {CREDIENTS: SODIUM LAURETH SULFATE, SODIUM COCAMIDOPROPYL BETAINE, COCO-CLUCOSIDE, SINE ADIPE LAC, OLEA EUROPAEA LEAF EX, ACT,STYRENE/ACRYLATESCOPOLYMER, PROPYLENECLYCOLI SODIUM LACTATE, CITRIC SODIUM BENZOATE SORBATE."
Bodycreme Vitamin E,ISANA,4305615346168,"en:dairies, en:creams",https://images.openbeautyfacts.org/images/products/430/561/534/6168/front_en.12.400.jpg,"INGREDIENTS: AQUA, ISOPROPYL PALMITATE, DECYLOLEATE, CAPRYLIC/CAPRIC TRIGLYCERIDE, GLYCERIN, POLYGLYCERYL-2 DIPOLYHYDROXYSTEARATE, HYDROGENATED CASTOR OIL, GLYCERYL OLEATE, SIMMONDSIA CHINENSIS SEED OIL, TOCOPHERYLACETATE, MAGNESIUM SULFATE, CITRIC ACID, PARFUM, BENZYL ALCOHOL, BENZYL SALICYLATE, CITRONELLOL, GERANIOL, HEXYL CINNAMAL, LIMONENE, LINALOOL, ALPHA-ISOMETHYL IONONE, SODIUM BENZOATE."
Glättungs-Balm,"Isana, Rossmann",4305615347868,Conditioner,https://images.openbeautyfacts.org/images/products/430/561/534/7868/front_de.4.400.jpg,"INGREDIENTS AQUA, GLYCERIN, CETE ARYL ALCOHOL, CYCLOPENTPOXANE BEHENTRIMONIUM CHLORIDE, ISOPROPYL PALMITATE, DIMETHICONOL, PANTHENOL PARFUM, ISOPROPYL ALCOHOL, SODIUM BENZOATE, POTASSIUM SORBATE, PHENOXY ETHANOL, CITRIC ACID, HEXYL CINNAMAL LINALOOL, GERANIOL CITRONELLOL, ALPHA ISOMETHYL IONONE, BENZYLALCOHOL. 898"
Haar Wax,ISANA,4305615347882,"en:Hair, en:Hair Gel, fr:Coiffants",,
Lagenwatte,Isana,4305615386751,,https://images.openbeautyfacts.org/images/products/430/561/538/6751/front_de.3.400.jpg,
Kinder Zahngel,"Alterra, Rossmann",4305615405919,"Falscher product type, Non-Food-Produkte, Open Beauty Facts, Kinderzahncreme",https://images.openbeautyfacts.org/images/products/430/561/540/5919/front_de.4.400.jpg,"Pflanzliches Glycerin, Sili - ummineralien, demineralisiertes Wasser, Xylit, Xanthan, Himbeerextrakt*, Erdbeerextrakt*, Meersalz, Natriumfluorid, Carmin, Levulinsäure, Mischung ätherischer Ole** *Inhaltsstoffe aus kontrolliert **biologischem Anbau aus natürlichen Ölen Fluoridgehalt: 500ppm"
Duschgel Sensitiv,ISANA,4305615407609,"en:hygiene, en:showers-and-baths, en:shower-gels",https://images.openbeautyfacts.org/images/products/430/561/540/7609/front_de.4.400.jpg,"Aqua, Sodium Laureth Sulfate, Sodium Chloride, Cocamidopropyl Betaine, Glycerin, Allantoin, Coco-Glucoside, Glyceryl Oleate, Tocopherol, Hydrogenated Palm Glycerides Citrate, Hydroxypropyl Guar Hydroxypropyltrimonium Chloride, Propylene Glycol, PEG-3 Distearate, Parfum, Hexyl Cinnamal, Linalool, Limonene, Sodium Benzoate, Potassium Sorbate, Benzoic Acid, Citric Acid, Sodium Hydroxide"
Duschgel fresh [3in1],"Isana men, Rossmann",4305615407616,"Falscher product type, Non-Food-Produkte, Open Beauty Facts, en:shower-gels, en:showers-and-baths",https://images.openbeautyfacts.org/images/products/430/561/540/7616/front_de.4.400.jpg,"Aqua, Sodium Laureth Sulfate, Sodium Chloride, Cocamidopropyl Betaine, Coco-Glucoside, Glyceryl Oleate, Tocopherol, Hydrogenated Palm Glycerides Citrate, Hydroxypropyl Guar Hydroxypropyltrimonium Chloride, Sodium Lauroyl Glutamate, Propylene Glycol, Decyl Glucoside, Parfum, Sodium Benzoate, Potassium Sorbate, Citric Acid, Cl 42051."
Duschgel herbe Frische,"Isana, Isana men, Rossmann",4305615407623,Duschgel,https://images.openbeautyfacts.org/images/products/430/561/540/7623/front_de.4.400.jpg,"Aqua, Sodium Laureth Sulfate, Sodium Chloride, Cocamidopropyl Betaine, Coco-Glucoside, Glyceryl Oleate, Tocopherol, Hydrogenated Palm Glycerides Citrate, Glycerin, Maris Sal, Hydroxypropyl Guar Hydroxypropyltrimonium Chloride, Menthol, Propylene Glycol, Parfum, Benzyl Salicylate, Linalool, Limonene, Sodium Benzoate, Potassium Sorbate, Citric Acid, Sodium Hydroxide, Cl 16185, CI 42090."
Duschgel sport [3in1],"Isana men, Rossmann",4305615407630,"Falscher product type, Non-Food-Produkte, Open Beauty Facts, en:shower-gels, en:showers-and-baths",https://images.openbeautyfacts.org/images/products/430/561/540/7630/front_de.4.400.jpg,"Aqua, Sodium Laureth Sulfate, Sodium Chloride, Cocamidopropyl Betaine, PEG-7 Glyceryl Cocoate, Coco-Glucoside, Glyceryl Oleate, Ginkgo Biloba Extract, Polyquaternium-7, Glycerin, Propylene Glycol, Benzophenone-4, Tocopherol, Hydrogenated Palm Glycerides Citrate, Parfum, Linalool, Limonene, Sodium Benzoate, Potassium midopropyl Sorbate, Citric Acid, Sodium Hydroxide, CI 16035, CI 47005."
Isana Wattepads (140 Stck),"Isaba, Isana",4305615438061,"Falscher product type, Non-Food-Produkte, Open Beauty Facts",https://images.openbeautyfacts.org/images/products/430/561/543/8061/front_de.3.400.jpg,
Dusche & Shampoo sensitiv,Isana Kids,4305615438672,,https://images.openbeautyfacts.org/images/products/430/561/543/8672/front_de.3.400.jpg,
Gallseife (détachant au fiel),Rossmann,4305615440804,Détachant,https://images.openbeautyfacts.org/images/products/430/561/544/0804/front_fr.3.400.jpg,Savon 30%  - Parfum - Concentré de fiel
,Rossmann,4305615453576,"Non food products, Open Beauty Facts, Cosmetic products",https://images.openbeautyfacts.org/images/products/430/561/545/3576/front_de.3.400.jpg,
sun Ozon,rossmann,4305615459004,Sonnencremes,https://images.openbeautyfacts.org/images/products/430/561/545/9004/front_de.4.400.jpg,"Aqua, Octocrylene, Alcohol, Glycerin, Butyl Methoxydibenzoylmethane, Ethylhexyl Salicylate, Titanium Dioxide (Nano), C12-15 Alkyl Benzoate, Propylheptyl Caprylate, VP/Hexadecene Copolymer, Butyrospermum Parkii Butter, Carnosine, Silica, Panthenol, Parfum, Tocopheryl Acetate, Diethylhexyl Butamido Triazone, Acrylates/C10-30 Alkyl Acrylate Crosspolymer, Ethylhexylglycerin, Carbomer, Sodium Hydroxide, Xanthan Gum, Dimethicone, Disodium EDTA, Linalool, Benzyl Alcohol, Limonene, Benzyl Salicylate, Eugenol, Citronellol, Coumarin, Geraniol, Tocopheral"
Q10 Lifting Serum,ISANA,4305615481593,,https://images.openbeautyfacts.org/images/products/430/561/548/1593/front_de.9.400.jpg,"Aqua, Glycerin, Ethylhexyl Isononanoate, Methyl Glucose Sesquistearate, Glycine Soja Oil, Penthenol, Macadamia Integrifolia Seed Oil, Tocopheryl Acetate, Olive Oil Decyl Esters, Tocopherol, Helianthus Annuus Seed Oil, Ubiquinone, Squalane, Chlorella Vulgaris Extract, Maris Sal, Phenoxyethanol, Bentonite, Xanthan Gum, Parfum, Sodium Acrylate/Sodium Acryloyldimethyl Taurate Copolymer, Polyisobutene, Citric Acid, Ethylhexylglycerin, Potassium Sorbate, Benzyl Sylicylate, Hydrate Silica, Sorbitan Oleate, Alpha-Isomethyl Ionone, Caprylyl/Capryl Glucoside, Lactic Acid, Linalool, Pantolactone, Citronellol"
Isana Clean and Care Milde Reinigungsmilch,Rossmann Isana,4305615482262,en:Make up remover,https://images.openbeautyfacts.org/images/products/430/561/548/2262/front_de.4.400.jpg,"Product ISANA Milde Reinigungsmilch Hautverträglichkeit dermatologisch bestätigt pH-hautneutral  Ingredients:  Aqua, Zea Mays Germ Oil, Decyl Oleate, Glyceryl Stearate Citrate, Glycerin, Cetearyl Alcohol, Allantoin, Cucumis Sativus Fruit Extract, Ginkgo Biloba Leaf Extract, Lecithin, Phenoxyethanol, Sodium Cetearyl Sulfate, Parfum, Xanthan Gum, Potassium Sorbate, Ethylhexylglycerin, Butylene Glycol, Citric Acid, Ascorbyl Palmitate, Glyceryl Stearate, Glyceryl Oleate"
Clean Care ölfreier Mizellen Augen Make-up Entferner,Rossmann,4305615482323,Make-up Entferner,https://images.openbeautyfacts.org/images/products/430/561/548/2323/front_de.4.400.jpg,"Aqua, Butylene Glycol, Decyl Glucoside, Panthenol, Glycerin, Ethyl Lauroyl Arginate HCI, Citric Acid, Pantolactone"
Miss Cara Mella,Isana,4305615496351,Cremes,https://images.openbeautyfacts.org/images/products/430/561/549/6351/front_de.4.400.jpg,"AQUA, GLYCERIN, ETHYLHEXYL STEARATE, BUTYROSPERMUM PARKII BUTTER, CETEARYL ALCOHOL, HYDROGENATED OLIVE OIL, GLYCERYL STEARATE SE, GLYCERYL STEARATE CITRATE, CARAMEL, COCOS NUCIFERA OIL, PANTHENOL, PARFUM, ACRYLATES/CIO-30 ALKYL, ACYLATE CROSSPOLYMER, PHENOXYETHANOL, SODIUM HYDROXIDE, ETHYLHEXYLGGLYCERIN SODIUM CHLORIDE, SODIUM SULFATE, CI 16035."
,Rossmann,4305615497662,"Non food products, Open Beauty Facts, Cosmetic products",https://images.openbeautyfacts.org/images/products/430/561/549/7662/front_de.3.400.jpg,
,Rossmann ISANA young,4305615502458,,https://images.openbeautyfacts.org/images/products/430/561/550/2458/front_de.6.400.jpg,
Nude Metallic,Rival de Loop,4305615508085,,https://images.openbeautyfacts.org/images/products/430/561/550/8085/front_en.3.400.jpg,
INSEKTENSCHUTZ PUMPSPRAY,Rossmann,4305615517681,"fr:anti-moustiques, fr:moustique, fr:repulsif, fr:tique",https://images.openbeautyfacts.org/images/products/430/561/551/7681/front_de.4.400.jpg,
Banana powder,Rossmann,4305615528533,,https://images.openbeautyfacts.org/images/products/430/561/552/8533/front_en.3.400.jpg,
Deleux - feuchtes Toilettenpapier,alouette | Rossmann,4305615550268,,https://images.openbeautyfacts.org/images/products/430/561/555/0268/front_de.4.400.jpg,
Reinigungstücher,Isana,4305615551340,"Non-Food-Produkte, Open Beauty Facts",https://images.openbeautyfacts.org/images/products/430/561/555/1340/front_de.3.400.jpg,
Perfect Teint (Anti-Rötung Tagescreme),Isana,4305615551456,"Hautcreme, Tagescreme",https://images.openbeautyfacts.org/images/products/430/561/555/1456/front_de.5.400.jpg,
2in1 Volumen Shampoo & Spülung Malve & Acai,Rossmann,4305615566115,"Spülungen, en:hair, en:shampoos",https://images.openbeautyfacts.org/images/products/430/561/556/6115/front_en.6.400.jpg,"Aqua, Sodium Laureth Sulfate, Sodium Chloride, Cocamidopropyl Betaine, Malva Sylvestris Flower Extract, Euterpe Oleracea Fruit Extract, Hydrolyzed Wheat Protein, Niacinamide, Panthenol, Coco-Glucoside, Glyceryl Oleate, Hydroxypropyl Guar Hydroxypropyltrimonium Chloride, Magnesium Sulfate, Tocopherol, Hydrogenated Palm Glycerides Citrate, PEG-3 Distearate, Propylene Glycol, Glycerin, Parfum, Benzyl Salicylate, Linalool, Sodium Benzoate, Potassium Sorbate, Benzoic Acid, Phenoxyethanol, Citric Acid, Sodium Hydroxide."
Shampoo Seidenglanz,Isana,4305615566160,"Non-Food-Produkte, Open Beauty Facts",,
Shampoo sensitiv,isana,4305615566184,"en:hair, en:shampoos",https://images.openbeautyfacts.org/images/products/430/561/556/6184/front_de.4.400.jpg,"Aqua, Sodium Laureth Sulfate, Cocamidopropyl Betaine, Sodium Chloride, Niacinamide, Panthenol, Pantolactone, Hydrolyzed Wheat Protein, Gossypiurn Herbaceum Flower Extract, Centaurea Cyanus Flower Extract, Coco-Glucoside, Glyceryl Oleate, Hydroxypropyl Guar Hydroxypropyltrimonium Chloride, Tocopherol, Hydrogenated Palm Glycerides Citrate, PEG-3 Distearate, Glycerin, Propylene Glycol, Parfum, Sodium Benzoate, Potassium Sorbate, Benzoic Acid, Phenoxyethanol, Citrlc Acid, Sodium Hydroxide"
Reichhaltige Tagescreme,Isana,4305615566290,Gesichtscremes,https://images.openbeautyfacts.org/images/products/430/561/556/6290/front_de.8.400.jpg,"Aqua, Glycerin, Cetearyl Alcohol, Phenylbenzimidazole Sulfonic Acid, Arginine, C12-15 Alkyl Benzoate, Cocoglycerides, Potassium Cetyl Phosphate, Bis-Ethylhexyloxyphenol Methoxyphenyl Triazine, Butyrospermum Parkii Butter, Ethyl - hexyl Triazone, Hydrogenated Vegetable Glycerides, Prunus Amygdalus Dulcis Oil, Tocopheryl Acetate, Panthenol, Tocopherol, Helianthus Annuus Seed Oil, Phenoxyethanol, Hydrogenated Palm Glycerides, Coco-Caprylate, Carbomer, Xanthan Gum, Parfum, Ethylhexylglycerin, Linalool, Benzyl Alcohol, Pantolactone, Citric Acid"
Sonnenmilch,rossmann,4305615572536,fr:Crèmes solaire,https://images.openbeautyfacts.org/images/products/430/561/557/2536/front_de.7.400.jpg,"Aqua, Alcohol, Octocrylene, C12-15 Alkyl Benzoate, Glycerin, Ethylhexyl Salicylate, Butyl Methoxydibenzoylmethane, VP/Hexadecene Copolymer, Triacontanyl PVP, Acrylates Copolymer, Tocopheryl Acetate, Microcrystalline Cellulose, Parfum, Phenylbenzimidazole Sulfonic Acid, Caprylyl Glycol, Xanthan Gum, Acrylates/C10-30 Alkyl Acrylate Crosspolymer, Sodium Hydroxide, Ethylhexylglycerin, Carnosine, Galactoarabinan, Hydroxyacetophenone, Disodium EDTA, Cellulose Gum, Linalool, Benzyl Alcohol, Limonene, Benzyl Salicylate, Eugenol, Citronellol, Coumarin, Geraniol."
Sun ozon kids,Rossmann,4305615572765,"Schaum, Sonnencremes",https://images.openbeautyfacts.org/images/products/430/561/557/2765/front_en.11.400.jpg,"Zundquele al hgredients: Aqua, C12-15 Alkyl Benzoate, Glycerin, Buth/ Ma nethane, Ethylhexyl Stearate, Ethylhexyl Salicylate, Butane Oato um Cetyl Phosphate, Propane, Titanium Dioxide (nano), Phenfbeane fonic Acid, Sodium Cocoyl Glutamate, Dicaprylyl Ether, Cetear Ath Triazone, Phenoxyethanol, Alumina, Glyceryl Stearate,Aminoney Caprylyl Glycol, Isobutane, Simethicone, Tris-Biphenyl Trazi - ne (nano), Decyl Glucoside, Diethylhexyl Sodium Sufosucai - ele, Propylene Glycol, Decylene Glycol Disodium Phospha - te Bis-Ethylhexyloxyphenol Methoxyphenyl Triazine, Xant - lan Gum, Butylene Glycol Silver Chloride"
Après Soleil,Rossmann,4305615573410,,https://images.openbeautyfacts.org/images/products/430/561/557/3410/front_de.4.400.jpg,
Mundspülung extra frisch,"Dirk Rossmann GmbH, Rossmann, prokudent",4305615573892,"Falscher product type, Non-Food-Produkte, Open Beauty Facts, en:mouthwashes",https://images.openbeautyfacts.org/images/products/430/561/557/3892/front_de.4.400.jpg,"Aqua, Glycerin, Propylene Glycol, Sorbitol, Olaflur, Sodium Fluoride, Aroma, Potassium Acesulfame, Cocamidopropyl Betaine, Sodium Benzoate, Sodium Chloride, Citric Acid, Sodium Sulfate, Cl 42090."
Mundspülung extra weiss,"Dirk Rossmann GmbH, Prokudent, Rossmann",4305615573915,Mundwasser,https://images.openbeautyfacts.org/images/products/430/561/557/3915/front_de.4.400.jpg,"Aqua, Glycerin, Sorbitol, Propylene Glycol, Olaflur, Sodium Fluoride, Aroma, Potassium Acesulfame, Mentha Arvensis Leaf Oil, Eucalyptus Globulus Leaf Oil, Cocamidopropyl Betaine, Tetrapotassium Pyrophosphate, Sodium Benzoate, Limonene, Citric Acid, Disodium Phosphate, Sodium Chloride, Tetrasodium Pyrophosphate."
Mundspülung,"Prokudent, Rossmann",4305615573922,"de:Mundwasser, en:open-beauty-facts",https://images.openbeautyfacts.org/images/products/430/561/557/3922/front_de.4.400.jpg,"Aqua, Glycerin, Propylene Glycol, Sodium Fluoride, Olaflur, Chamomilla Recutita Flower Extract, Salvia Officinalis Leaf Extract, Eugenia Caryophyllus Bud Extract, Aroma, Potassium Acesulfame, Sorbitol, Cocamidopropyl Betaine, Sodium Benzoate, Potassium Sorbate, Eugenol, Limonene, Sodium Chloride, Citric Acid, Sodium Sulfate, Cl 42090."
Prokudent Kräuter Zahncreme,Rossmann,4305615574080,"Incorrect product type,Non-food-products,Open-beauty-facts",https://images.openbeautyfacts.org/images/products/430/561/557/4080/front_en.43.400.jpg,"Ingredients: Aqua, Hydrated Silica, Sorbitol, Propylene Glycol, Glycerin, Urea, Sodium C14-16 Olefin Sulfonate, Cellulose Gum, Aroma, Trisodium Phosphate, Sodium Fluoride, Sodium Saccharin, Limonene, Chamomilla Recutita Flower Extract, Salvia Officinalis Leaf Extract, Zinc Chloride, CI 77891."
prokudent MED,Rossmann,4305615574097,"en:Hygiene, Zahnpasten",https://images.openbeautyfacts.org/images/products/430/561/557/4097/front_de.7.400.jpg,"Aqua, Hydrated Silica, Sorbitol, Propylene Glycol, Tetrapotassium Pyrophosphate, Xanthan Gum, Sodium C14-16 Olefin Sulfonate, Aroma, Sodium Fluoride, Sodium Saccharin, Allantoin, Chamomilla Recutita Flower Extract, Salvia Officinalis Leaf Extract, Zinc Chloride, CI 77891."
Isana Trockenshampoo,Isana Rossman,4305615596716,,,
"Körperbalsam pH 5,5",ISANA,4305615608273,,https://images.openbeautyfacts.org/images/products/430/561/560/8273/front_de.3.400.jpg,
Peeling Aktiv Kohle,Isana,4305615608686,,https://images.openbeautyfacts.org/images/products/430/561/560/8686/front_de.3.400.jpg,
Intensiv Handcreme Urea,"Isana, Rossmann",4305615609997,"en:body, en:hand-creams",https://images.openbeautyfacts.org/images/products/430/561/560/9997/front_de.20.400.jpg,"Aqua, Olea Europaea Fruit Oil, Urea, Cetearyl Alcohol, Glycerin, Gylceryl Stearate Citrate, Glyceryl Stearate SE, Ethylhexyl Stearate, Butyrospermum Parkii Butter, Stearic Acid, Persea Gratissima Oil, Cera Alba, Panthenol, Tocopheryl Acetate, Gum, Xantan, Phenoxyethanol, Ethylhexylglycerin."
Handcreme Grüne Olive,Isana,4305615610023,Handcreme,https://images.openbeautyfacts.org/images/products/430/561/561/0023/front_de.13.400.jpg,"Aqua, Ethylhexyl Stearate, Glycerin, Glyceny Stearate SE, Cetyl Alcohol, Olea Europaea Fruit Oil, Panthenol, Theobroma Cacao Seed Butter, Copernicia Cerifera Cera, Caprylic/Capric Triglyceride, Butylene Glycol, Phenoxyethanol, Sodium Hydroxide, Parfum, Carbomer, Sodium Ceteary Sulfate, Ethylhexylglycerin, Citric Acid, Linalool, Limonene, Hen Cinnamal, Alpha-Isomethyl lonone, Coumarin, Geraniol"
Hand- & Nagelbalsam Aloe Vera,Isana,4305615610030,Balsam,https://images.openbeautyfacts.org/images/products/430/561/561/0030/front_de.11.400.jpg,"Aqua, Glycerin, Cetearyl Alcohol, Glyceryl Stearate, Ethylhexyl Stearate, Tocopheryl Acetate, Aloe Barbadensis Leaf Juice Powder, Camellia Sinensis Leaf Extract, Helianthus Annuus Hybrid Oil, Parfum, Sorbitol, Sodium Cetearyl Sulfate, Carbomer, Propylene Glycol, Phenoxyethanol, Benzyl Alcohol, Sodium Benzoate, Sodium Hydroxide"
Handcreme Milde Kamille,Isana,4305615610054,Handcremes,https://images.openbeautyfacts.org/images/products/430/561/561/0054/front_de.4.400.jpg,"Aqua, Ethylhexyl Stearate, Glycerin, Glyceryl Stearate SE, Cetyl Alcohol, Butylene Glycol, Chamomila Recutita Flower Extract, Theobroma Cacao Seed Butter, Panthenol, Propylene Glycol, Caprylic/Capric Triglyceride, Sodium Cetearyl Sulfate, Parfum, Sodium Hydroxide, Carbomer, Copemicia Cerifera Cera, Ethylhexylglycerin, Phenoxyethanol, Tetrasodium Glutamate Diacetate, Lactic Acid, Sodium Benzoate, Citric Acid"
Milde Kamille,Isana,4305615610061,,https://images.openbeautyfacts.org/images/products/430/561/561/0061/front_de.11.400.jpg,
Küchen Seife mit Orangen- und Thymian-Duft,isana,4305615610344,"Falscher product type, Non-Food-Produkte, Open Beauty Facts, en:soaps",https://images.openbeautyfacts.org/images/products/430/561/561/0344/front_de.4.400.jpg,"Aqua, Sodium Laureth Sulfate, Glycerin, Cocoamidopropyl Betaine, Sodium Chloride, Lactic Acid, Sodium Benzoate, Citrus Aurantium Dulcis Oil, PEG-40 Hydrogenated Castor Oil, Coco-Glucoside, Glyceryl Oleate, Sodium Lactate, Parfum, Benzophenone-4, Linalool, Hexyl Cinnamal, Limonene, CI 15510"
Isana Cremeseife Milch & Honig,Rossmann,4305615610351,,https://images.openbeautyfacts.org/images/products/430/561/561/0351/front_de.7.400.jpg,"Aqua, Sodium Laureth Sulfate, Cocamidopropyl Betaine, Sodium Chloride, Glycol Distearate, Coco-Glucoside, Glyceryl Oleate, Parfum, Mel, Sine Adipe Lac, Laureth-4, Sodium Lactate, Glycerin, Formic Acid, Tocopherol, Hydrogenated Vegetable Glycerides Citrate, Citric Acid, Sodium Benzoate, Potassium Sorbate, Hexyl Cinnamal, CI 47005, CI 15510, CI 16035"
Isana cremeseife olive,Isana,4305615610368,"Hygiène, Savons, en:non-food-products, en:open-beauty-facts",https://images.openbeautyfacts.org/images/products/430/561/561/0368/front_fr.3.400.jpg,"Aqua, Sodium Laureth Sulfate, Cocamidopropyl Betaine, Sodium Chloride, Glycol Distearate, Coco-Glucoside, Glyceryl Oleate, Sine Adipe Lac, Olea Europaea Leaf Extract, Laureth-4, Parfum, Glycerin, Propylene Glycol, Sodium Lactate, Hydrogenated Vegetable Glycerides Citrate, Tocopherol, Formic Acid, Citric Acid Sodium Benzoate, Potassium Sorbate. Hergestellt für Dirk Rossmann GmbH Isernhägener Str. 16, 30938 Burgwedel www.rossmann.de Hergestellt in Deutschland PET 12 Kostenloses Info-Telefon: 500 mle 0800-76 77 62 66"
milde Seife Blütenfest,"Isana, Rossmann",4305615610436,"en:Hygiene, Seifen, Flüssigseifen",https://images.openbeautyfacts.org/images/products/430/561/561/0436/front_de.8.400.jpg,"Aqua, Sodium Laureth Sulfate, Cocamidopropyl Betaine, Sodium Choride, Coco-Glucoside, Glyceryl Oleate, Cananga Odorata Flower Extrad, Hohal, Parfum, Tocopherol, Hydrogenated Vegetable Glycerides Citrate, Sodium Lacate, Citric Acid, Sodium Benzoate, Potassium Sorbate, Linalool, Benzyl Salicylate, l 17200, CI 16255."
,"Rossmann, Isana",4305615612300,en:open-beauty-facts,https://images.openbeautyfacts.org/images/products/430/561/561/2300/front_en.9.400.jpg,"Aqua, Alcohol Denat, Propylene Glycol, Bis (C13-15 Alkoxy) PG-Amodimethicone, Panthenol, VP/VA Copolymer, Parfum, Peg-40 Hydrogena - ted Castor Oil, C14-15 Alcohols, Linalool, Geraniol, Isotridecyl Alcohol, Limonene, Alpha-Isomethyl Ionone, Benzyl Alcohol, Laurtrimonium Chloride, Sodium Bisulfite Unsere Vere"
Creme Gel,Isana Style 2 Create,4305615612393,"en:Hair, en:Hair Gel, fr:Coiffants",https://images.openbeautyfacts.org/images/products/430/561/561/2393/front_de.10.400.jpg,"Aqua, Alcohol Denat., Cera Alba, Ethylhexyl Stearate, Cetearyl Alcohol, Bis-Diglyceryl Polyacyladipa - te-2, Propylene Glycol, Ceteareth-20, VP/VA Copolymer, Glyceryl Stearate, PEG-100 Stearate, Polyquaternium-69, Trilaureth-4 Phosphate, Phenoxyethanol, Silica, Hydrogenated Starch Hydrolysate, Parfum, Panthenol, Aminomethyl Propanol, Acrylates/c10-30 Alkyl Acrylate Crosspolymer, Ethylhexylglycerin, PEG-90M, Laurtrimonium Chloride, BHT."
Einwegrasierer 2-Klingen,Isana men,4305615613956,"Rasierklingen, en:Accessories, en:Razors",https://images.openbeautyfacts.org/images/products/430/561/561/3956/front_de.7.400.jpg,"PEG-115M, PEG-7M, Tocopherol, Cyclodextrin, Aloe Barbadensis Leaf Juice Powder Maltodextrin, Cl 77891, CI 77007, CI 74160."
Body milk mit olivenol,Isana,4305615616070,,https://images.openbeautyfacts.org/images/products/430/561/561/6070/front_en.9.400.jpg,ISANA REICHHALTIGE PFLEGE BODY MILK mit Olivenol fur trockene Haut LANG- ANHALTENDE PFLEGE
intensive Pflege Body oil,isana,4305615616100,,https://images.openbeautyfacts.org/images/products/430/561/561/6100/front_fr.5.400.jpg,
IMilde Seife (Meeresluft),ISANA,4305615617480,"Non-Food-Produkte, Open Beauty Facts",,
Pflege Creme,Isana,4305615620459,,https://images.openbeautyfacts.org/images/products/430/561/562/0459/front_en.6.400.jpg,"INGREDIENTS: Aqua, Isopropyl Palmitate, Decyl Oleate, Caprylic/Capric Triglyceride, Glycerin, Polyglyceryl-2 Dipolyhydroxystearate, Hydrogenated Castor Oil, Glyceryl Oleate, Simmondsia Chinensis Seed Oil, Tocopheryl Acetate, Magnesium Sulfate, Citric Acid, Parfum, Benzyl Alcohol, Benzyl Salicylate, Citronellol, Geraniol, Hexyl Cinnamal, Limonene, Linalool, Alpha-Isomethyl lonone, Sodium Benzoate."
Isana Soft Creme Aloe Vera,Isana Rossman,4305615620466,,https://images.openbeautyfacts.org/images/products/430/561/562/0466/front_de.3.400.jpg,
Vaseline,"Isana, Rossmann",4305615620473,"de:Hautpflege, de:hautcremes",https://images.openbeautyfacts.org/images/products/430/561/562/0473/front_pl.17.400.jpg,Petrolatum.
CREME-ÖL-BAD ENTSPANNUNGS-Zeit cremiges Badeerlebnis mit Macadamia-Nuss-Öl,"Isana, Rossmann",4305615621661,Badezusatz,https://images.openbeautyfacts.org/images/products/430/561/562/1661/front_de.4.400.jpg,"Aqua, Sodium Laureth Sulfate, Glycerin, Coco-Glucoside, Glyceryl Oleate, Cocamidopropyl Betaine, Sodium Chloride, Glycol Distearate, Laureth-4, Parfum, Macadamia Ternifolia Seed Oil, Mentha Aquatica Leaf Extract, Maris Sal, Menthol, Alcohol, Lauryl Lactate, PEG-14M, PEG-40 Hydrogenated Castor Oil, Citric Acid, Formic Acid, Sodium Benzoate, Potassium Sorbate, Hydrogenated Vegetable Glycerides Citrate, Tocopherol, Silica, BHT, Benzyl Salicylate, Linalool, Cl 15985, CI 14720, CI 28440."
ISANA BADE-PUDER,Isana,4305615621807,,https://images.openbeautyfacts.org/images/products/430/561/562/1807/front_de.12.400.jpg,
milde Seife Meeresluft,"Isana, Rossmann",4305615623177,"en:Hygiene, Seifen, Flüssigseife",https://images.openbeautyfacts.org/images/products/430/561/562/3177/front_de.4.400.jpg,"Aqua, Sodium Laureth Sulfate, Cocamidopropyl Betaine, Sodlun Chloride, Coco-Glucoside, Glyceryl Oleate, Parfum, Tocopherol, Hydrogenated Vegetable Glycerides Citrate, Sodium Lactate, Citric Acid, Sodium Bena oassum Sorbate, Linalool, Cl 42090."
milde Seife Mango exotic,"Isana, Rossmann",4305615623184,"en:Hygiene, Seifen, Flüssigseifen",https://images.openbeautyfacts.org/images/products/430/561/562/3184/front_de.5.400.jpg,"Aqua, Sodium Laureth Sulfate, Cocamidopropyl Betaine, Sodium Chloride, Coco-Glucoside, Glyceryl Oleate, Parfum, Tocopherol, Hydrogenated Vegetable Glycerides Citrate, Sodium Lactate, Citric Acid, Sodium Benzoate, Potassium Sorbate, Limonene, CI 15510, CI 14700."
,Isana Professional,4305615624945,Cheveux,https://images.openbeautyfacts.org/images/products/430/561/562/4945/front_de.3.400.jpg,"Aqua, Cetearyl Alcohol, Propylene Glycol Behentrimonium Chloride, Distearoylethyl Hydroxyethyl - Argania Spinosa Kernel Oil, Prunus Domestica Seed Oil, monium Methosulfate, Stearamidopropyl Dimethylamine Isopropyl Alcohol, Parfum, Limonene, Citrus Aurantium Peel Oil, Tetramethyl Acetyloctahydronaphthalenes, Citrus Limon Peel Oil, Citric Acid, Sodium Hydroxide, Benzoic Acid, Dehydroacetic Acid, Phenoxyethanol."
Haaröl - Arganöl & Pflege,Isana Professional,4305615625577,,https://images.openbeautyfacts.org/images/products/430/561/562/5577/front_de.4.400.jpg,"Cyclopentasiloxane, Dimethiconol, Helianthus Annuus Hybrid Oil, Helianthus Annuus Seed Oil, Argania Spinosa Kermel Oil, Parfum, Benzyl Alcohol, Limonene, Linalool, Hexyl Cinnamal, Citronellol, Benzyl Salicylate, Apha-Isomethyl lonone, Geraniol, CI"
Haarkur 13in1 Intensiv & Pflege,Isana Professional,4305615625584,Cheveux,https://images.openbeautyfacts.org/images/products/430/561/562/5584/front_de.3.400.jpg,"Aqua, Isopropyl Palmitate, Cetearyl Alcohol, Quaternium-87, B Searate, Propylene Glycol, Panthenol, Prunus Armeniaca Kernel Oil, Stearamidogo Dimethylamine, Behentrimonium Chloride, Glycerin, Hydrolyzed Keratin, Bells Pe Power Extract, Parfum, Hydroxyethylcellulose, Citric Acid, Limonene, Linalool, Hohol, Phenoxyethanol, Benzoic Acid, Dehydroacetic od, Potassium Sorbate, Sodium Benzoate, Sorbic Acid."
"Urea 5,5% Körperlotion",Isana,4305615628851,"Non-Food-Produkte, Open Beauty Facts",https://images.openbeautyfacts.org/images/products/430/561/562/8851/front_de.3.400.jpg,
Körpermilch 10% Urea,Isana Med,4305615628868,"Non food products, Open Beauty Facts",https://images.openbeautyfacts.org/images/products/430/561/562/8868/front_en.4.400.jpg,
SEIFENFREIES WASCHSTÜCK,ISANA MED,4305615629025,Seifen,https://images.openbeautyfacts.org/images/products/430/561/562/9025/front_en.9.400.jpg,"Disodium Lauryl Sulfosuccinate, Sodium Coco-Sulfate, Triticum Vulgare (Wheat) Starch, Cetearyl Alcohol, Hydrogenated Palm Glycerides, Aqua, Lauryl PCA. Citric Acid, Parfum, Coco-Glucoside, Glyceryl Oleate, Glyceryl Stearate, Sodium Coco - amphoacetate, Bisabolol, Panthenol, Sodium Chloride, Titanium Dioxide."
,ISANA MED,4305615629094,Waschlotion,https://images.openbeautyfacts.org/images/products/430/561/562/9094/front_de.4.400.jpg,
"Seifenfreie Waschlotion pH 5,5 hautneutral",Isana med,4305615629100,Seifen,https://images.openbeautyfacts.org/images/products/430/561/562/9100/front_de.5.400.jpg,"Aqua, Sodium Laureth Sulfate, Glycerin, Sodium Chloride, Cocamdiopropyl Betaine, Coco-Glucoside, Hydroxypropyl Guar Hydroxypropyltrimonium Chloride, Panthenol, Parfum, Citric Acid, Sodium Benzoate."
Isana Mes Dusche,Rossmann,4305615629179,"Non-Food-Produkte, Open Beauty Facts",https://images.openbeautyfacts.org/images/products/430/561/562/9179/front_de.3.400.jpg,
Shampoo Jeden Tag (Ultra Sensitiv),Isana Med,4305615629223,Duschgele,https://images.openbeautyfacts.org/images/products/430/561/562/9223/front_de.4.400.jpg,"Aqua, Sodium Laureth Sulfate, Glycerin, Cocamidopropyl Hydroxysultaine, Sodium Chloride, Coco-Glucoside, Glyceryl Oleate, Panthenol, Allantoin, Hydroxypropyl Guar Hydroxypropyltrimonium Chloride, Hydrogenated Vegetable Glycerides Citrate, Tocopherol, Sodium Citrate, Sodium Sulfate, Citric Acid, Sodium Benzoate"
"Isana Med Handcreme 5,5% Urea",Isana,4305615629896,Handcremes,https://images.openbeautyfacts.org/images/products/430/561/562/9896/front_de.11.400.jpg,Aqua | Urea | Cetearyl Alcohol | Glyceryl Stearate | Propylene Glycol | Ethylhexyl Stearate | Isopropyl Myristate | Glycerin | Butyrospermum Parkii Butter | Panthenol | Tocopheryl Acetate | Sodium Cetearyl Sulfate | Phenoxyethanol | Benzyl Alcohol | Sodium Lactate | Lactic Acid | Sodium Hydroxide | Citric Acid
Isana Med Handcreme Ultra Sensitive,Isana,4305615629902,Handcremes,https://images.openbeautyfacts.org/images/products/430/561/562/9902/front_de.7.400.jpg,"Aqua, Glycerin, Cetyl Alcohol, Glyceryl Stearate, Isopropyl Myristate, Dicaprylyl Ether, Allantoin, Helianthus Annuus Hybrid Oil, Sodium Cetearyl Sulfate, Caprylyl Glycol, Caprylhydroxamic Acid, Citric Acid, Sodium Hydroxide."
"Haarspray Color Glanz, 4 extra starker Halt","Dirk Rossmann GmbH, Isana, Rossmann",4305615630076,Haarspray,https://images.openbeautyfacts.org/images/products/430/561/563/0076/front_de.4.400.jpg,"Alcohol Denat., Butane, Propane, Dimethyl Ether, Aqua, Octylacrylamide / Acrylates/ Butylaminoethyl Methacrylate Copolymer, Aminomethyl Propanol, Panthenol, Ethylhexyl Salicylate, Tocopheryl Acetate, Benzoic Acid, Parfum, Benzyl Salicylate, Hexyl Cinnamal."
Vaseline,Isana,4305615634081,,https://images.openbeautyfacts.org/images/products/430/561/563/4081/front_en.8.400.jpg,
Haargel Maximum 8,Isana Men,4305615637921,,https://images.openbeautyfacts.org/images/products/430/561/563/7921/front_de.3.400.jpg,
Cremeseife Sensitiv,"Isana Rossmann, Rossmann",4305615639383,"Incorrect product type, Non food products, Open Beauty Facts",https://images.openbeautyfacts.org/images/products/430/561/563/9383/front_en.9.400.jpg,
Schaumfestiger,Isana,4305615643410,,https://images.openbeautyfacts.org/images/products/430/561/564/3410/front_en.7.400.jpg,
Styling-Gel POWER 5,"ISANA, Rossmann",4305615646732,Styling-Gel,,"Aqua, Algin, Hydroxypropyl Guar Hydroxypropyltrimonium Chloride, Niacinamide, Parfum, Sodium Benzoate, Potassium Sorbate, Limonene, Linalool, Citronellol, Citric Acid. Calcium Chloride, Sodium Hydroxide"
Duschgel viking [3in1],"Isana men, Rossmann",4305615647647,"en:Hygiene, en:Showers and baths, Duschgele",https://images.openbeautyfacts.org/images/products/430/561/564/7647/front_de.4.400.jpg,"Aqua, Sodium Laureth Sulfate, Sodium Chloride, Cocamidopropyl Betaine, Glycerin, Coco-Gluco - side, Glyceryl Oleate, Tocopherol, Hydrogenated Palm Glycerides Citrate, Hydroxypropyl Guar Hydroxypropyltrimonium Chloride, Propylene Glycol, Parfum, Coumarin, Linalool, Sodium Benzoate, Potassium Sorbate, Citric Acid, Sodium Hydroxide, Cl 15985, CI 19140, CI 28440, CI 42051"
Gesichtsmaske Hydro Booster,"Isana, Rossmann",4305615651453,,https://images.openbeautyfacts.org/images/products/430/561/565/1453/front_de.3.400.jpg,
Isana Handcreme Ginko,Rossmann,4305615651958,"Non food products, Open Beauty Facts",https://images.openbeautyfacts.org/images/products/430/561/565/1958/front_en.3.400.jpg,"Aqua, Glycerin, Ethylhexy Butyrospermum Parkii Butter, Cetyl Alcohol Nucifera Oil, Glyceryl Stearate, Glyceryl Stearate SE o Biloba Leaf Extract, Persea Gratissima Oil, Cea Phienoxyethanol, Sodium Hydroxide, Parfum, ha Laurate, Carbomer, Xanthan Gum, Propylene apiylyl Glycol, Sodium Cetearyl Sulfate, eyigycerin, Isoamyl Cocoate, Tetrasodium G acetate, Lactic Acid."
Urea Fussbad,Rossmann,4305615668055,Fußbad,https://images.openbeautyfacts.org/images/products/430/561/566/8055/front_de.4.400.jpg,"Aqua, Urea, Caprylyl/Capryl Glucoside, Glycerin, Cocamidopropyl Betaine, Decyl Glucoside, Hydroxypropyl Guar Hydroxypropyltrimonium Chloride, Phenoxyethano, Citric Acid, Parfum, Coco-Glucoside, Glyceryl Oleate, Sodium Hydroxide, Caprylyl Glycol, Niacinamide, Triacetin, Tetramethyl Acetyloctahydronaphthalenes, Linalool, Limonene, Citrus Aurantium Peel Oil, Tocopherol, Hydrogenated Palm Glycerides Citrate."
ISANA Deospray Paris,ISANA,4305615679129,Deospray,,"Butane, Alcohol, Propane, Triethyl Citrate, Isobutane, Glycerin, Isopropyl Myristate, Phenoxyethanol, Ethylhexylglycerin, Tocopherol, Aqua, Parfum, Citronellol, Linalool, Limonene"
ISANA Cremedusche Kokos & Vanille,Isana,4305615680194,Duschgele,https://images.openbeautyfacts.org/images/products/430/561/568/0194/front_en.9.400.jpg,"INGREDIENTS: Aqua, Sodium Laureth Sulfate, Sodium Chloride, Cocamidopropyl Betaine, Coco-Glucoside, Glyceryl Oleate, Tocopherol, Hydrogenated Palm Glycerides Ci - trate, Glycerin, Starch Hydroxypropyltrimonium Chloride, PEG-3 Distearate, Propylene Glycol, Parfum, Sodium Benzoate, Potassium Sorbate, Benzoic Acid, Citric Acid, Sodium Hydroxide."
Hydro Pflege-Gel Aloe Vera,Isana,4305615683300,,https://images.openbeautyfacts.org/images/products/430/561/568/3300/front_de.3.400.jpg,"Aloe Barbadensis Leaf Juice, Glycerin, Succinoglycan, Phenoxyethanol, Panthenol, Hydroxyace tophenone, Parfum, Sodium PCA, Aqua, Xanthan Gum, Sodium Hyaluronate, Sodium Hydroxide."
20Rollen Toilettenpapier,"Rossmann, aluette (Rossmann)",4305615685663,en:cured-sausages,https://images.openbeautyfacts.org/images/products/430/561/568/5663/front_de.4.400.jpg,
Isana Blütenkraft,Dirk Rossmann GmbH,4305615687575,"Non-Food-Produkte, Open Beauty Facts",https://images.openbeautyfacts.org/images/products/430/561/568/7575/front_de.4.400.jpg,"Fower Nectar, Tapioca Starch, Guar Hydroxypropyltrimonium Chloride, laudoni thenol, Cocos Nucifera Water, Gardenia Taitensis Flower Extract, Combretum Fime INGREDIENTS: Aqua, Sodium Laureth Sulfate, Cocamidopropyl Betaine, Pahu Sodium Benzoate, Benzoic Acid, Phenoxyethanol, Potassium Sorbate, Sotic kit. Chorde, Benzyl Alcohol, Benzyl Salicylate, Hexyl Cinnamal, Linaloo,LimoneR, Hadranypropyl Hydrolyzed Wheat Protein, PCA Glyceryl Oleate, Glycerin, Ciric ki, sin dermatologisch bestätigt. Hergestellt für"
Osama Milde Seife Sensitiv,Isana,4305615688848,Seifen,https://images.openbeautyfacts.org/images/products/430/561/568/8848/front_de.3.400.jpg,"INGREDIENTS: Aqua, Sodium Laureth Sulfate, Cocamidopropyl Betaine, Sodium Chioride, Coco-Glucoside, Glyceryl Oleate, Chamomilla Recutita Flower Extract, Propylene Glycol, Bisabolol, Parfum, Tocopherol, Hydrogenated Vegetable Giycenides Citrate. Sodium Lactate, Citric Acid, Sodium Benzoate, Potassium Sorhate"
Duschgel Bio-Rose,"Alterra, Rossmann",4305615692951,"en:hygiene, en:showers-and-baths, en:shower-gels",https://images.openbeautyfacts.org/images/products/430/561/569/2951/front_de.7.400.jpg,"Ingredients: Aqua, Sodium Coco-Sulfate, Lauryl Glucoside, Glycerin, Betaine, Maris Sal, Rosa Centifolia Flower Extract. Centaurea Cyanus Flower Extract, Sodium PCA, Sodium Cocoyl Glutamate, Disodium Cocoyl Glutamate, Alcohol, Levulinic Acid, Parfum, Citronellol, Geraniol, Linalool, Citral"
ISANA Haarspray Bambus,ISANA,4305615716480,Haarstyling,,"ALCOHOL DENAT., BUTANE, PROPANE, DIMETHYL ETHER, OCTYLACRYLAMIDE/ACRYLATES/BUTYLAMINOETHYL METHACRYLATE COPOLYMER, AQUA, AMINOMETHYL PROPANOL, PANTHENOL, BENZOIC ACID, PROPYLENE GLYCOL, BAMBUSA ARUNDINACEA LEAF EXTRACT, POTASSIUM SORBATE, SODIUM BENZOATE, PARFUM, BENZYL SALICYLATE, HEXYL CINNAMAL, LINALOOL."
Haarspray extra strong,Isana,4305615741390,,https://images.openbeautyfacts.org/images/products/430/561/574/1390/front_de.3.400.jpg,
Gesichtsmaske,Isana,4305615741673,,https://images.openbeautyfacts.org/images/products/430/561/574/1673/front_de.3.400.jpg,
,isana,4305615754253,"en:Hair, Haarwaschmittel",https://images.openbeautyfacts.org/images/products/430/561/575/4253/front_de.13.400.jpg,"m Mehr Infos unter: rossmann.de/ plasticbank Rezeptur OHNE Mikroplastik MIKROPLA Für jedes Haar geeignet. Hinweis: Augenkontakt vermeiden INGREDIENTS: Aqua. Sodium Laureth Sulfate. Sodium Chloride,. Coca - midopropyl Betaine. Citrus Sinensis Peel Extract. Panthenol. Niacinamide. Hudrolyzed Wheat Protein. Coco-Glucoside. Glyceryl Oleate. Tocopherol. Hydrogenated Palm Glycerides Citrate. PEG-3 Distearate, Hydroxypropyl Guar Hydroxypropyltrimonium Chloride. Glycerin. Parfum. Hexyl Cinna - mal. Limonene. Sodium Benzoate. Potassium Sorbate. Benzoic Acid. Phen - oxyethanol. Citric Acid. Sodium Hydroxide. Hergestellt für Dirk Rossmann GmbH Isernhägener Str. 16 DE-30938 Burgwedel www.rossmann.de Hergestellt in der EU 12 M Kostenloses Info-Telefon: 0800-76 77 62 66 VEGAN 300ml e www.ROSSMANN.D ASTIKFREI 4 305615 754253 ►► Hier aufreißen. Unserer Umwelt zuliebe: Fol"
Gesichtsmaske Avocado,Isana,4305615759968,,https://images.openbeautyfacts.org/images/products/430/561/575/9968/front_de.3.400.jpg,
After Shave Balsam Ultra Sensitiv,"ISANA, ISANA MEN, Rossmann",4305615765082,Aftershave-Balsam,https://images.openbeautyfacts.org/images/products/430/561/576/5082/front_de.3.400.jpg,"Aqua, Glycerin, Glyceryl Stearate Citrate, Caprylic/Capric Triglyceride, Stearyl Alcohol, Aloe Barbadensis Leaf Juice, Butyrospermum Parkii Butter, Panthenol, Allantoin, Gossypium Herbaceum Seed Extract, Tocopheryl Acetate, Bisabolol, Propylene Glycol, Citric Acid, Xanthan Gum, Gellan Gum, Sodium Hydroxide, Benzoic Acid, Sorbic Acid, Dehydroacetic Acid, Phenoxyethanol, Potassium Sorbate."
ISANA  MED  Hygiene Handgel (Alkoholisch},ISANA (ROSSMANN),4305615765426,Hygiene Handgel,https://images.openbeautyfacts.org/images/products/430/561/576/5426/front_de.4.400.jpg,"WIRKUNG &PFLEGE Das ISANA HYGIENE HANDGEL sorgt sofort für saubere Hände, auch ohne Wasser und Seife. ANWENDUNG Eine kleine Menge auf die Hand geben und das Gel mit einer Waschbewegung über die Hände ver - teilen. Die Hände kurz an der Luft trocknen lassen. Nur auf sichtbar reinen und trockenen Händen anwenden. HINWEIS Kinder sollten das Produkt nur unter Aufsicht eines Erwachsenen verwenden. Augenkontakt vermeiden. Nur zur äußerlichen Anwendung geeignet, nicht einneh - men. Nicht auf gereizter oder verletzter Haut anwenden. INGREDIENTS: Alcohol Denat., Aqua, Glycerin, Carbo - mer, Aminomethyl Propanol. Hergestellt für Dirk Rossmann GmbH Isernhägener Str. 16 30938 Burgwedel GERMANY www.rossmann.de e 100 ml 12M Gefahr 4 &quot;305615765426&quot;&gt; ISSO 53:0"
deo,ROSSMANN,4305615769080,"en:Non food products, Open Beauty Facts",https://images.openbeautyfacts.org/images/products/430/561/576/9080/front_en.8.400.jpg,
Milde Seife - mit Grapefruit & Minzextrakt,Isana | Rossmann,4305615776491,"Non-Food-Produkte, Open Beauty Facts",https://images.openbeautyfacts.org/images/products/430/561/577/6491/front_de.3.400.jpg,
Einfach nur Seife,Isana,4305615776903,Seifen,https://images.openbeautyfacts.org/images/products/430/561/577/6903/front_de.4.400.jpg,"NGERENTS: Aqua, Sodium Laureth Sulfate, Cocamidopropyl Betaine, Sodium Chloride, Coco-Glucoside, Glyceryl Oleate, Tocopherol, Hydrogenated Vegetable Glycerides Citrate, Citric Acid, Sodium Benzoate, Potassium Sorbate."
Handcreme Repair,"Isana, Dirk Rossmann GmbH",4305615797083,Handcreme,https://images.openbeautyfacts.org/images/products/430/561/579/7083/front_de.4.400.jpg,"INGREDIENTS: Aqua, Glycerin, Cetearyl Alcohol, Isopropyl Palmitate, Glyceryl Stearate, Dicaprylyl Ether, Citric Acid, Panthenol, Tocopheryl Acetate, Allantoin, Tocopherol, Olea Europaea Fruit Oil, Helianthus Annuus Hybrid Oil, Ricinus Com - munis Seed Oil, Olus Oil, Parfum, Sodium Cetearyl Sulfate, Phenoxyethanol, Benzyl Alcohol, Linalool, Limonene, Hexyl Cin - namal, Benzyl Salicylate, Geraniol, Citronellol, Sodium Hydroxide. 83 &gt;"
Handcreme,Isana,4305615797243,,https://images.openbeautyfacts.org/images/products/430/561/579/7243/front_fr.3.400.jpg,
Feste Dusche Fresh 3 in 1,Isana,4305615823041,Feste Dusche,https://images.openbeautyfacts.org/images/products/430/561/582/3041/front_de.4.400.jpg,"Sodium Cocoyl Isethionate, Hydrogenated Vegetable Oil, Aqua, Polyglyceryl 4 Laurate, Parfum, Glycerin, Hydrogenerated Ethylhexyl Oliviate, Argania Spinosa Kernel Oil, Persea Gratissima Oil, Panthenol, Lactic Acid, Terasodium Glutamate Diacetate, Hydrogenated Olive Oil Unsaponifiables, Hexyl Cinamal"
ISANA Bodylotion,ISANA,4305615826950,,https://images.openbeautyfacts.org/images/products/430/561/582/6950/front_de.3.400.jpg,
,Rossmann,4305615827346,,https://images.openbeautyfacts.org/images/products/430/561/582/7346/front_de.8.400.jpg,
,Rossmann,4305615827445,,https://images.openbeautyfacts.org/images/products/430/561/582/7445/front_es.5.400.jpg,
Sun ozon,ROSSMANN,4305615827636,Sonnenschutz,https://images.openbeautyfacts.org/images/products/430/561/582/7636/front_de.3.400.jpg,"en Lichtschutzia de Kleidung Auch Sonnenschutzmittel mit hohen Lichtschutzfaktoren bieten eschutzmittels, nicht zu lange in der Sonne Jeder Sonnenbra indigen Schutz vor UV-Strahlen Bleiben Sie trotz Verwendung de Haut nachhaltig und ist zu vermeiden. . Übermäßiges Somme eten emsthaftes Gesundheitsrisiko dar ⚫ Sonnenschutzmittel vol en lassen Kontakt mit Textilien und Oberflächen vermeiden - Redken möglich Bildung von dauerhaften Kontaktflecken ode gen sind auch nach dem vollständigen Einziehen möglich Nid . sicht oder die Augen sprühen. derheitshinweise HR Extrem entzündbares Aerosol Behälter steht unter Drucka mung bersten. Von Hitze, heißen Oberflächen, Funken, offenen f und anderen Zündquellen fernhalten. Nicht rauchen. Nicht gegen d amme oder andere Zündquellen sprühen. Nicht durchstechen oder ve auch nicht nach Gebrauch. Vor Sonnenbestrahlung schützen. Nich turen über 50°C aussetzen. Darf nicht in die Hände von Kindem Enatmen von Aerosol vermeiden. Ohne ausreichende Belüftung dungszweck. Nur entleerte Dosen in die Wertstoffsammlung gebe sionsfähiger Gemische möglich. Benutzung ausschließlich gema e halten Sie sich während und nach der Anwendung von Zündqueen Cycerin, Butyl Methoxydibenzoylmethane, Ethylhexyl Stearate, Isoprop gredients: Butane, Alcohol Denat., Dimethyl Ether, C12-15 Alkyl Ben Wenzimidazole Sulfonic Acid, Tocopheryl Acetate, Aminomethyl Propan phenyl Triazine, Diethylhexyl Butamido Triazone, Aqua, Partum Hergestellt aus 100% RECYCELTEM ALUMINIUM** wenmaterial ohne og und Kappe VEGAN ann Gmbit, Isemhägener Str. 16 2703 RICHTIG TRENNEN (GILT IN DE): GELBE TONNE Dose Burgwedel, www.rossmann.de Hergestellt in 200mle Deutschlar Fens haltbar bis/Ch.-Nr.: siehe Dosenunterseite"
Hyaluron Serum Hydro Booster,Isana (Rossmann),4305615838311,"Moisturiser,Feuchtigkeitspflege,Hautpflege,Skincare",https://images.openbeautyfacts.org/images/products/430/561/583/8311/front_en.10.400.jpg,"Aqua, Aloe Barbadensis Leaf Juice, Alcohol Denat., Glycerin, Betaine, Beta Vulgaris Root Extract, Fructooligosaccharides, Sodium Hyaluronate, Panthenol, Chondrus Crispus Powder, Phenoxyethanol, Sorbitol, Potassium Lactate, Sodium Chloride, Parfum, Lactic Acid, Ethylhexylglycerin, Sodium Benzotriazolyl Butylphenol Sulfonate, Sodium Hydroxide, Pantolactone, Alcohol, Tris (Tetramethylhydroxypiperidinol) Citrate, Citric Acid, CI 42090"
Feuchtigkeitsmaske,Isana,4305615842417,"Non-Food-Produkte, Open Beauty Facts",https://images.openbeautyfacts.org/images/products/430/561/584/2417/front_de.4.400.jpg,
Folien-Augenpads,Isana,4305615842424,,https://images.openbeautyfacts.org/images/products/430/561/584/2424/front_en.9.400.jpg,"Aqua, Glycerin, Dipropylene Glycol, Agar, Niacinamide, Sodium Polyacrylate, Polyacrylic Acid, Citrus Paradisi Fruit Extract, Betaine, Prunus Mume Fruit Extract, Saccharomyces Cerevisiae Extract, Rhodiola Rosea Root Extract, Phenoxyethanol, Disodium EDTA, Tartaric Acid, Butylene Glycol, Caprylyl/Capryl Glucoside, Aluminum Glycinate, Pentylene Glycol, Cellulose Gum, Xanthan Gum, Parfum"
Folien-Augenpads,Isana,4305615842431,,https://images.openbeautyfacts.org/images/products/430/561/584/2431/front_en.9.400.jpg,"Aqua, Glycerin, Polyvinyl Alcohol, Sorbitol, Gelatin, Sodium Polyacrylate, Tocopheryl Acetate, Tocopherol, Ilicium Verum Fruit Extract, Sodium Hyaluronate, Scutellaria Baicalensis Root Extract, 1,2-Hexanediol, Disodium EDTA, Phenoxyethanol, Tartaric Acid, Xanthan Gum, Caprylyl/Capryl Glucoside, Butylene Glycol, Aluminum Glycinate, Menthoxypropanediol"
Faltenmaske,Isana,4305615848877,,https://images.openbeautyfacts.org/images/products/430/561/584/8877/front_de.3.400.jpg,
,Rossmann,4305615848952,"en:Non food products, Open Beauty Facts",https://images.openbeautyfacts.org/images/products/430/561/584/8952/front_uk.3.400.jpg,
Handmaske,Isana,4305615851617,,https://images.openbeautyfacts.org/images/products/430/561/585/1617/front_de.3.400.jpg,
Feste Gesichtsreinigung,Isana,4305615859613,,https://images.openbeautyfacts.org/images/products/430/561/585/9613/front_en.8.400.jpg,
Taschentücher,alouette | Rossmann,4305615866895,,https://images.openbeautyfacts.org/images/products/430/561/586/6895/front_de.3.400.jpg,
,Isana,4305615883267,,https://images.openbeautyfacts.org/images/products/430/561/588/3267/front_ru.3.400.jpg,
Körper lotion,Isana Med,4305615883434,,https://images.openbeautyfacts.org/images/products/430/561/588/3434/front_de.3.400.jpg,
Feuchtigkeitscreme Ultrasensitiv,Isana Men,4305615895307,,https://images.openbeautyfacts.org/images/products/430/561/589/5307/front_de.4.400.jpg,
Aromaseife Limone & Thymian,Isana,4305615904658,,https://images.openbeautyfacts.org/images/products/430/561/590/4658/front_de.3.400.jpg,"Aqua, Sodium Laureth Sulfate, Glycerin, Cocamidopropyl Betaine, Sorbitol, Sodium Chloride, Coco-Glucoside, Glyceryl Oleate, Niaci - namide, Parfum, Sodium Lactate, Lactic Acid, Hydrogenated Vegetable Glycerides Citrate, Tocopherol, Sodium Citrate, Citric Acid, Sodium Benzoate, Linalyl Acetate, Tetramethyl Acetyloctahydronaphthalenes, Citrus Limon Peel Oil, CI 47005."
Hand cream 5.5% urea,ISANA MED,4305615911052,Handcremes,https://images.openbeautyfacts.org/images/products/430/561/591/1052/front_en.7.400.jpg,"Aqua, Urea, Glycerin, Ethylhexyl Stearate, Cetearyl Alcohol, Butyrospermum Parkii Butter, Isopropyl Palmitate, Glyceryl Stearate, Helianthus Annuus Hybrid Oil, Panthenol, Centella Asiatica Leaf Extract, Levulinic Acid, Sodium Levulinate, Triacetin, Xanthan Gum, Sodium Stearoyl Glutamate, Caprylyl Glycol, p-Anisic Acid, Sodium Lactate, Lactic Acid, Sodium Hydroxide, Butylene Glycol, Citric Acid"
Feste Dusche Bio-Zitronengras,Rossmann,4305615925042,Duschseifen,https://images.openbeautyfacts.org/images/products/430/561/592/5042/front_en.6.400.jpg,"INGREDIENTS: Hydrogenated Vegetable Oil, Sodium Cocoyl Isethionate, Aqua, Polyglyceryl-4 Laurate,Glycerin, Parfum, Olea Europaea Fruit Oil, Persea Gratissima Oil, Hydrogenated Ehtylhexyl Olivate, Pantehnol, Sodium Chloride, Cymbopogon Flexuosus Oil*, Hydrogenated Olive Oil Unsaponifiables, Lactic Acid, Geraniol**, Citral**, Citronellol**, Limonene**, Hexyl Cinnamal**, Linalool***"
Duschgel Fresh,ISANA MEN,4305615934112,"en:hygiene, en:showers-and-baths, en:shower-gels",https://images.openbeautyfacts.org/images/products/430/561/593/4112/front_de.3.400.jpg,"Aqua, Sodium Laureth Sulfate, Sodium Chloride, Cocamidopropyl Betaine, Coco-Glucoside, Glyceryl Oleate, Tocopherol, Hydrogenated Palm Glycerides Citrate, Hydroxypropyl Guar Hydroxypropyltrimonium Chloride, Sodium Lauroyl Glutamate, Propylene Glycol, Sodium Glutamate, Decyl Glucoside, Parfum, Sodium Benzoate, Potassium Sorbate, Citric Acid, CI 42051"
Feste Dusche Bio-Mango Bio-Hafermilch,"Isana, Rossmann",4305615940762,"Duschgele,Duschen und Bäder",https://images.openbeautyfacts.org/images/products/430/561/594/0762/front_en.6.400.jpg,"Hydrogenated Vegetable Oil, Sodium Cocoyl Isethionate, Aqua, Polyglyceryl-4 Laurate, Glycerin, Parfum, Hydrogenated Ethylhexyl Olivate, Prunus Amygdalus Dulcis Oil**, Panthenol, Mangifera Indica Seed Butter**, Sodium Chloride, Lactic Acid, Avena Sativa Kernel Flour**, Hydrogenated Olive Oil Unsaponifiables *Bio-Hafermilch besteht aus Bio-Haferpulver, Bio-Mandelöl und Wasser **aus kontrolliert biologischem Anbau"
Make-up Blender Multitask,"FOR YOUR Beauty,Rossmann",4305615968261,Blender,https://images.openbeautyfacts.org/images/products/430/561/596/8261/front_de.9.400.jpg,
Prokudent Kräuter Zahncreme,"Prokudent, Rossmann",4305615971179,en:open-beauty-facts,https://images.openbeautyfacts.org/images/products/430/561/597/1179/front_de.15.400.jpg,"Ingredients: Aqua, Hydrated Silica, Sorbitol, Propylene Glycol, Cellulose Gum, Tetrapotassium Pyrophosphate, Sodium C14-16 Olefin Sulfonate, Aroma, Alumina, Sodium Fluoride, Zinc Chloride, Sodium Saccharin, Chamomilla Recutita Flower Extract, Salvia Officinalis Leaf Extract, Limonene."
Micellar Botanical Purifying Shampoo,Hair System by Watsons,4894532923489,Open Beauty Facts,https://images.openbeautyfacts.org/images/products/489/453/292/3489/front_en.9.400.jpg,"Aqua (Water), Cetyl Alcohol, Stearyl Alcohol, Behentrimonium Chloride, Gycerin, Propylene Glyco,l Phenoxyethanol, Cetrimonium Chloride, Polyquaternium-10, Perfum (Fragrance), Isopropyl Alcohol, Hydroxyethylcellulose, Piroctone Olamina, Benzyl Alcohol, Menthol, Salicylic Acid, Tetrasodium EDTA, Potassium Sorbate, Citric Acid, Cemellia Jeponica Seed Oil, Butylene Glycol, Propanediol, Charcoal Powder, Ziziphus Joazeiro Bark Extract, Zea Mays (Corn) Starch, Cystoseira Compressa Extract, Biosaccharide Gum-1, Tocopherol, Gluconolactone, Sodium Benzoate, Dehydroacetic Acid, Calcium Gluconate, Benzyl Salicylate, Limonene, Hexyl Cinnamal, Linalool"
Micellar Botanical Deep Cleansing Shampoo,Hair System by Watsons,4894532923496,Shampoos,https://images.openbeautyfacts.org/images/products/489/453/292/3496/front_en.14.400.jpg,"Aqua (Water), Sodium Laureth Sulfate, Disodium Laureth Sulfosuccinate, cocamidopropyl betaine, Sodium Chloride, Phenoxyethanol, Sodium Benzoate, Cocamide MEA, Citric Acid, Polyquaternium-10, Parfum (Fragrance), PEG-40 Hydrogenated Castor Oil, Polyquaternium-7, Disodium EDTA, Glycerin, Camellia Japonica Seed Oil, epilobium angustifolium Flower/Leaf/Stem Extract, Zea Mays (Corn) Starch, cystoseira Compressa Extract, Biosaccharide Gum-1, Gluconolactone, Benzyl Alcohol, Sodium Metabisulfite, Dehydroacetic Acid, Calcium Gluconate, Benzyl Salicylate, limonene, Hexyl Cinnamal, Linalool"
Deep cleansing micellar conditioner,Watsons,4894532923502,Hair conditioners,https://images.openbeautyfacts.org/images/products/489/453/292/3502/front_en.13.400.jpg,"Aqua (Water), Cetyl Alcohol, Stearyl Alcohol, Behentrimonium Chloride, Glycerin, Phenoxyethanol, Cetrimonium Chloride, Polyquaternium-10, Isopropyl Alcohol, Perfum (Fragrance), Hydroxyethylcellulose, Benzyl Alcohol, Potassium Sorbate, Citric Acid, Camellia Japonica Seed Oil, Epilobium Angustifolium Flower/Leaf/Stem Extract, Zea Mays (Corn) Starch, Cystoseira Compressa Extract, Biosaccharide Gum-1, Tocopherol, Gluconolactone, Sodium Benzoate, Sodium Metabisulfite, Dehydroacetic Acid, Calcium Gluconate, Benzyl Salicylate, Limonene, Hexyl Cinnamal, Linalool"
Nourishing micellar shampoo,Watsons,4894532923519,Shampoos,https://images.openbeautyfacts.org/images/products/489/453/292/3519/front_en.11.400.jpg,"Aqua (Water), Sodium Laureth Sulfate, Disodium Laureth Sulfosuccinate, Cocamidopropyl Betaine, Sodium Chloride, Parfum (Fragrance), Phenoxyethanol, Sodium Benzoate, Cocamide MEA, Citric Acid, PEG-40 Hydrogenated Castor Oil, Polyquaternium-10, Polyquaternium-7, Disodium EDTA, Glycerin, Camellia Japonica Seed Oil, Zea Mays (Corn) Starch, Hydrolyzed Ceratonia Siliqua Seed Extract, Cystoseira Compressa Extract, Biosaccharide Gum-1, Gluconolactone, Benzyl Alcohol, Potassium Sorbate, Dehydroacetic Acid, Guar Hydroxypropyltrimonium Chiloride, Calcium Gluconate, Hexyl Cinnamal, Citronellol, Linalool"
Nourishing micellar conditioner,Watsons,4894532923526,"Conditioner,Hair Conditioner,Hair-conditioner",https://images.openbeautyfacts.org/images/products/489/453/292/3526/front_en.6.400.jpg,"Aqua (Water), Cetyl Alcohol, Stearyl Alcohol, Behentrimonium Chloride, Glycerin, Phenoxyethanol, Parfum (Fragrance), Cetrimonium Chloride, Polyquaternium-10, Isopropyl Alcohol, Hydroxyethylcellulose, Benzyl Alcohol, Potassium Sorbate, Citric Acid, Camellia Japonica Seed Oil, Zea Mays (Corn) Starch, Hydrolyzed Ceratonia Siliqua Seed Extract, Cystoseira Compressa Extract, Biosaccharide Gum-1, Tocopherol, Gluconolactone, Sodium Benzoate, Dehydroacetic Acid, Guar Hydroxypropyltrimonium Chloride, Polyquaternium-7, Calcium Gluconate, Hexyl Cinnamal, Citronellol, Linalool"
Bye Bye Pores,Pure Beauty,4894532933044,,https://images.openbeautyfacts.org/images/products/489/453/293/3044/front_en.5.400.jpg,
Lubricant jelly,Watsons,4894819123618,Lubricating gels,https://images.openbeautyfacts.org/images/products/489/481/912/3618/front_en.6.400.jpg,"Aqua, Glycerin, Hydroxyethylcellulose, Phenoxyethanol, Ethylhexylglycerin, Lactic acid."
hydrating shampoing Christophe robin,sephora,5056379590616,,https://images.openbeautyfacts.org/images/products/505/637/959/0616/front_fr.3.400.jpg,
Collagen by watsons - moisturising and firming hand cream,Watsons,6942074216533,,https://images.openbeautyfacts.org/images/products/694/207/421/6533/front_en.7.400.jpg,
aussie,Sephora,8001841556925,,https://images.openbeautyfacts.org/images/products/800/184/155/6925/front_fr.10.400.jpg,
Nail lacquer,Kiko,8025272028059,"Maquillage, Maquillage pour les ongles, Vernis à ongles",https://images.openbeautyfacts.org/images/products/802/527/202/8059/front_en.4.400.jpg,
Magnetic nail lacquer,Kiko,8025272552530,"Maquillage, Maquillage pour les ongles, Vernis à ongles",https://images.openbeautyfacts.org/images/products/802/527/255/2530/front_fr.10.400.jpg,
Magnetic nail lacquer,Kiko,8025272552561,"Maquillage, Maquillage pour les ongles, Vernis à ongles",https://images.openbeautyfacts.org/images/products/802/527/255/2561/front_fr.6.400.jpg,
Aimant pour nail art 01 stripes,Kiko,8025272553537,"Maquillage, Maquillage pour les ongles",https://images.openbeautyfacts.org/images/products/802/527/255/3537/front_fr.6.400.jpg,Aimant pour magnetic nail lacquer
kiko,kiko,8025272589383,Vernis,https://images.openbeautyfacts.org/images/products/802/527/258/9383/front_fr.4.400.jpg,
Perfect gel duo,Kiko Milano,8025272597401,,,
Luxurious lashes Waterproof mascara,Kiko Milano,8025272610780,Mascara résistent à l'eau,https://images.openbeautyfacts.org/images/products/802/527/261/0780/front_fr.11.400.jpg,"ISODODECANE, AQUA (WATER/EAU), CERA ALBA (BEESWAX/CIRE D'ABEILLE), DISTEARDIMONIUM HECTORITE, COPERNICIA CERIFERA CERA (COPERNICIA CERIFERA (CARNAUBA) WAX/CIRE DE CARNAUBA), STEARIC ACID, CANDELILLA CERA (EUPHORBIA CERIFERA (CANDELILLA) WAX/CIRE DE CANDELILLA), POLYBUTENE, DIISOSTEARYL MALATE, VP/EICOSENE COPOLYMER, TRIMETHYLSILOXYSILICATE, PROPYLENE CARBONATE, PEG-30 DIPOLYHYDROXYSTEARATE, CAPRYLYL GLYCOL, POTASSIUM SORBATE, SODIUM DEHYDROACETATE, PHENOXYETHANOL, ISOPROPYL TITANIUM TRISOSTEARATE, DISODIUM EDTA, HEXYLENE GLYCOL, CI 77499 (IRON OXIDES). KIKO S.p.A-VIA PAGLIA, 1/D-24122 BERGAMO - ITALY IN USA DISTRIBUTED BY KIKO USA, Inc. - 470 PARK AVENUE SOUTH-NEW YORK, NY 10016 MADE IN ITALY FABRIQUE EN ITALIE kikocosmetics.com"
WHITE LOOK,KIKO MILANO,8025272618434,"Makeup, Nail makeup, Nail polish",https://images.openbeautyfacts.org/images/products/802/527/261/8434/front_en.3.400.jpg,"INGREDIENTS: ETHYL ACETATE, BUTYL ACETATE, NITROCELLULOSE, ADIPIC ACID/NEOPENTYL GLYCOL/TRIMELLITIC ANHYDRIDE COPOLYMER, ACETYL TRIBUTYL CITRATE, ISOPROPYL ALCOHOL, ACETYL METHIONINE, ARGININE, CITRUS LIMON FRUIT EXTRACT (CITRUS LIMON (LEMON) FRUIT EXTRACT), AQUA (WATER/ EAU), HYDROLYZED WHEAT PROTEIN, HYDROLYZED CORN PROTEIN, PRUNUS AMYGDALUS DULCIS OIL (PRUNUS AMYGDALUS DULCIS (SWEET ALMOND) OIL), HYDROLYZED SOY PROTEIN, MEK, METHYLPROPANEDIOL, METHYLTHIOPROPYLAMIDO ACETYL METHIONINE, UNDECYLENAL, ISOPENTANAL, TRIMETHYLPENTANEDIYL DIBENZOATE, HEXANAL, ALEURITES MOLUCCANUS SEED OIL, POLYVINYL BUTYRAL PROPYLENE GLYCOL, LEUCONOSTOC/RADISH ROOT FERMENT FILTRATE, TILIA PLATYPHYLLOS EXTRACT TOCOPHEROL, ETOCRYLENE, CI 60725 (VIOLET 2)."
mascara violet,Kiko milano,8025272627276,Maquillage pour les yeux,https://images.openbeautyfacts.org/images/products/802/527/262/7276/front_fr.4.400.jpg,"AQUA (WATER/EAU), TRIBEHENIN, PEG-40 STEARATE, SYNTHETIC BEESWAX, MICA, POTASSIUM CETYL PHOSPHATE, SORBITAN STEARATE, VP/VA COPOLYMER, GLYCERYL STEARATE, ACRYLATES/ETHYLHEXYL ACRYLATE COPOLYMER, VP/EICOSENE COPOLYMER, ACACIA SENEGAL GUM, BUTYLENE GLYCOL, CETYL ALCOHOL, ORYZA SATIVA CERA (ORYZA SATIVA (RICE) BRAN WAX), SORBITOL, MANNITOL, PANTHENOL PHENOXYETHANOL, CAPRYLYL GLYCOL, DIMETHICONE, HYDROXYETHYLCELLULOSE, POLYGLYCERYL-6 DISTEARATE POTASSIUM SORBATE, SODIUM DEHYDROACETATE, ASCORBYL PALMITATE, TOCOPHEROL, SODIUM HYDROXIDE, SODIUM STEARATE, LAURETH-21, TIN OXIDE. +/- (MAY CONTAIN): CI 77891 (TITANIUM DIOXIDE), CI 77491 - CI 77499 (IRON OXIDES), C 77007 (ULTRAMARINES), CI 75470 (CARMINE). CONTAINS CARMINE AS A COLOR ADDITIVE. FR ÉLÉMENTS D'EMBALLAGE"
Vernis,kiko,8025272634373,,https://images.openbeautyfacts.org/images/products/802/527/263/4373/front_fr.3.400.jpg,
Vernis à ongles,Kiko,8025272634472,,,
Dark treasure eye base,Kiko,8025272641302,Primer,https://images.openbeautyfacts.org/images/products/802/527/264/1302/front_it.4.400.jpg,"ISODODECANE, NYLON-12, TALC, MICA, SQUALANE, DISTEARDIMONIUM HECTORITE, POLYGLYCERYL-3 BEESWAX, HYDROGENATED STYRENE/ISOPRENE COPOLYMER, PROPYLENE CARBONATE, ETHYLHEXYL PAMITATE, LAURYL METHACRYLATE/GLYCOL DIMETHACRYLATE CROSSPOLYMER, olio di semi di girasole, TOCOPHERYL ACETATE, ETHYLHEXYLGLYCERIN, CAPRYLIC/CAPRIC TRIGLYCERIDE, SILICA DIMETHYL SILYLATE, BUTYLENE GLYCOL, CAPRYLYL GLYCOL, PHENOXYETHANOL, GLYCERYL OLEATE, SODIUM HYALURONATE, PENTAERYTHRITYL TETRA-DI-T-BUTYL HYDROXYHYDROCINNAMATE, QUERCETIN CAPRYLATE, HEXYLENE GLYCOL, QUERCUS ROBUR BARK EXTRACT, CI 77891 (TIANIUM DIOXIDE), IRON OXIDE (CI 77491, CI 77492)"
Nourishing eye patch,Kiko,8025272644396,Visage,,
Lip volume,Kiko,8025272645249,,https://images.openbeautyfacts.org/images/products/802/527/264/5249/front_xx.6.400.jpg,
Green me face cream,Kiko,8025272645980,,https://images.openbeautyfacts.org/images/products/802/527/264/5980/front_fr.3.400.jpg,
green me lips & cheeks 106,Kiko,8025272646727,"Fard, Labbra",https://images.openbeautyfacts.org/images/products/802/527/264/6727/front_it.4.400.jpg,"olio di semi di ricino, acido caprico, GLYCERYL RICINOLEATE, Cera candelilla, cera sintetica, acido miristico, cera carnauba, acido cetilico , mica, talco, MYRISTYL LACTATE, tocoferolo, burro di karité, ASCORBYL PALMITATE, CI 77891 (diossido di titanio), CI 77491 - CI 77492-CI 77499 (ossidi di ferro), CI 19140 (YELLOW 5 LAKE)."
Green me volume mascara,Kiko,8025272646741,"Non food products, Open Beauty Facts",https://images.openbeautyfacts.org/images/products/802/527/264/6741/front_en.3.400.jpg,"ZH-��0�H�kۏ   :s(���w���i 'D(-1J). INGREDIENTS: AQUA (WATER/EAU), CERA AL BA (BEESWAX/CIRE D'ABEILLE), BUTYROSPERMUM PARKII BUTTER (BUTYROSPERMUM PARKII (SHEA) BUTTER), POLYGLYCERYL-6 DISTEARATE, DIMER DILINOLEYL DIMER DILINOLEATE, COPERNICIA CERIFERA CERA (COPERNICIA CERIFERA (CARNAUBA) WAX/CIRE DE CARNAUBA), GLYCERIN, POLYGLYCERYL-10 MYRISTATE, CETYL ALCOHOL, GLYCERYL CAPRYLATE, LEUCONOSTOC/RADISH ROOT FERMENT FILTRATE, ZEA MAYS STARCH (ZEA MAYS (CORN) STARCH), XANTHAN GUM, ARGININE, PHENETHYL ALCOHOL HYDROLYZED RHODOPHYCEAE EXTRACT, PHENOXYETHANOL, CI 77499 (IRON OXIDES). ITHORGANIG CITRUS FRUIT RESIDUE, 30% POST-CONSUMER RECYCLED, 100% GREEN ENERGY.- PAPIER ECOLOGIQUE ENEDCIE VERTE"
Tellement clay mask,Kiko,8025272648615,Visage,,
,Kiko,8025272836883,"it:labbra, it:olio-labbra",https://images.openbeautyfacts.org/images/products/802/527/283/6883/front_it.4.400.jpg,
Tuscan sunshine eyeliner duo 02,Kiko,8025272912716,"Eyeliner, Occhi",https://images.openbeautyfacts.org/images/products/802/527/291/2716/front_it.4.400.jpg,"MATITA: dimeticone, TRIMETHYLSILOXYSILICATE, cera sintetica, PHENYLPROPYLDIMETHYLSILOXYSILICATE, polietilene, idrogenofosfato di calcio, acido polidrossistearico, DISILOXANE, CAPRYLYL TRIMETHICONE, DISTEARDIMONIUM HECTORITE, propilene carbonato, lecitina, tocoferolo, ASCORBYL PALMITATE, acido citrico, fluoroflogopite sintetica, CALCIUM ALUMINUM BOROSILICATE, CALCIUM SODIUM BOROSILICATE, silice, ossido di indio-stagno, mica, CI77891, CI 77492, CI77286, CI77163, CI 77510 EYELINER isododecane, TRIMETHYLSILOXYSILICATE, dimeticone, CALCIUM TITANIUM BOROSILICATE, DISTEARDIMONIUM HECTORITE, CALCIUM ALUMINUM BOROSILICATE, SORBITAN TRISTEARATE, propilene carbonato, HYDROGENATED PALM KERNEL GLYCERIDES, PHYTOSTERYL ISOSTEARATE, mica, fluoroflogopite sintetica, CAPRYLYL GLYCOL, fenossietanolo, ASCORBYL PALMITATE, ossido di indio-stagno, HYDROGENATED PALM GLYCERIDES, HEXYLENE GLYCOL, butilidrossitoluene, CI 77891, CI 77491"
Purifying face mask,KIKO Milano,8025272926324,Visage,,
Holiday Gems Gorgeous eye-shadow palette,Kiko,8025272972833,"Non food products, Open Beauty Facts",https://images.openbeautyfacts.org/images/products/802/527/297/2833/front_en.3.400.jpg,"AR - ('DJ*) 8D'D ,AHF (5(:J) BHJ) E9 5 #DH'F JECF 'D,E9 (JFG' (E8G1 FG'"
Smart hydra shot ele gel,Kiko,8025272979948,,https://images.openbeautyfacts.org/images/products/802/527/297/9948/front_pt.3.400.jpg,
Precious rituals mascara,Kiko,8025272980937,Mascara,https://images.openbeautyfacts.org/images/products/802/527/298/0937/front_fr.4.400.jpg,"AQUA (WATER/ EAU), CANDELILLA CERA (EUPHOROIA CERIFERA (CANDELILLA) WAX/CIRE DE CANDELILLA), BUTYROSPERMUM PARKII BUTTER (BUTYROSPERMUM PAPK DIMER DILINOLEATE, COPERNICIA CERIFERA CERA POLYGLYCERYL-10 MYRISTATE, CETYL ALOOHOL GLYCEHYLCAPRYLAIELLEUCONOSTOC/RADISH ROOT FERMENT FILTRATE, XANTHAN GUM, ARGININE, PHENETHYL ALCOHOL, PENTYLENE GLYCOL PLANKTON EXTRACT, CI 77499 ORON OXIDES). GHEA) BUTTER), POLYGLYCERYL-6 DISTEARATE, DIMER DILINOLEYL (COPERNICIA CLRIFERA (CARNAUBA) WAX/CIRE DE CARNAUBA), GLYCERIN, KIKO S.PA-VA PAGLIA 1/D 24122 BERGAMO TALY IN USA DISTRIBUTED BY KIKOUSA, Inc.-350 FIFTH AVENUE, 41st foor-NEWYOPK, NY 10118 MADE IN ITALY-FABRIQUE EN ITALIE kikocometics.com"
A holiday fable,Kiko,8025272982252,Kiko,https://images.openbeautyfacts.org/images/products/802/527/298/2252/front_fr.3.400.jpg,
Melting in love scent,Kiko Milano,8025272982504,Parfum,,"ALCOHOL DENAT., AQUA (WATER/EAU), PARFUM (FRAGRANCE), PEG-40 HYDROGENATED CASTOR OIL, POLYSORBATE 20, ETHYLHEXYL METHOXYCINNAMATE, ETHYLHEXYL SALICYLATE, LIMONENE, BUTYL METHOXYDIBENZOYLMETHANE, BHT, CITRAL, CI 15985 (YELLOW 6), CI 19140 (YELLOW 5), CI 17200 (RED 33), CI 42090 (BLUE 1)."
Skin trainer CC blur,KIKO,8025272983693,"Fonds de teint,Fond de teint liquide",https://images.openbeautyfacts.org/images/products/802/527/298/3693/front_fr.4.400.jpg,"dimethicone, disiloxane, dimethicone/vinyl dimethycone, crosspolymer, isonyl isononanoate, silica, methacrylate crosspolymer, ethylhexyl palmitate, dimethicone crosspolymer, talc, phenoxyethanol, caprylic/capric trygliceride, parfum (fragrance), tocopheryl acetate, silica dimethyl silylate, butyldimethiconyl, propoxyethylcarbomylpropyl silsequioxane, butylene glycol, caprylyl glycol, alumina, sodium hyaluronate, hexylene glycol, vitis vinifera fruit extract (vitis vinifera (grape) fruit extract)"
Festival Glow Waterproof Eye Marker,Kiko,8025272984706,Eyeliners,,
Hydra pro eyes,Kiko,8059385028910,,https://images.openbeautyfacts.org/images/products/805/938/502/8910/front_fr.3.400.jpg,
Micellar Botanical Purifying Conditioner,Hair System by Watsons,8294732983478,"Conditioner,Hair Conditioner,Hair-conditioner",https://images.openbeautyfacts.org/images/products/829/473/298/3478/front_en.18.400.jpg,"Aqua (Water), Sodium Laureth Sulfate, Disodium Laureth Sulfosuccinate, cocamidopropyl betaine, Sodium Chloride, Phenoxyethanol, Sodium Benzoate, Cocamide MEA, Polyquaternium-10, Parfum (Fragrance), PEG-40 Hydrogenated Castor Oil, Citric Acid, Piroctone Olamine, Salicylic Acid, Polyquaternium-7, Menthol, Disodum EDTA, propylene glycol, Butylene Glycol, Propanediol, Glycerin, Charcoal Powder, Camelia Japonica Seed Oil, Ziziphus Joazeiro Bark Extract, Zea Mays (Corn) Starch, Cystoseira Compressa Extract, Biosaccharide Gum-1, Gluconolactone, Benzyl Alcohol, dehydroacetic acid, Calcium  Gluconate, Benzyl Salicylate, Limonene, Hexyl Cinnamal, Linalool"
Işıltılı vücut spreyi,Bee beauty,8684252200184,Kişisel hijyen,https://images.openbeautyfacts.org/images/products/868/425/220/0184/front_tr.5.400.jpg,"Bee Beauty IŞILTILI VÜCUT SPREY SHIMMER BODY MIST Bee Beauty Işıltılı vücut spreyi, uzun ferahlık hissi ve güzel koku verir. 15 cm cildinize püskürtünüz. Duştan sonra veya herham bir saatinde kullanılabilir. Bee Beauty Shimmer Body Mist gives a feeling of freshness a beautifusmell for a long time. Spray from a distance of 15 cm.ca used after a shower or at any time of the day. içindekiler/Ingredients: Alcohol Denat., Aqua (Water), Parfum (Fra Ammonium Acryloyl Dimethyltaurate/Carboxyethyl Acrylate Cros Synthetic Fluorphlogopite, PPG-26-Buteth-26, PEG-40 Hydrogenated Oil, Ethylhexyl Methoxycinnamate, Butyl Methoxydibenzoylmethane, Ee Salicylate, Tin Oxide (CI 77861), Hydroxycitronellal, Benzyl Salicylate Alpha-Isomethyl Ionone, Limonene, Citronellol, Coumarin, Geraniol, C (Titanium Dioxide), CI 19140, CI 42090, CI 15985, CI 16035. Uyan/Warning: Alevlenir. Yüzünüze püskürtmeyiniz. Çocukların ulaşa serin yerde saklayınız. İsı ve Işıktan koruyunuz. Aleve doğru püskü Gozle temasından kaçınınız, teması halinde bol suyla yıkayınız. Ya kullanım içindir. Flammable. Do not spray on face. Keep in cool places out of the reach of c Protect from heat and light. Do not spray on flames. Avoid eye contact in contact, rinse carefully with plenty of water. External use only. Uretim tarihi, son kullanma tarihi ve seri numarası ambalajın üzerinded Gratis Iç ve Dış Ticaret A.Ş. (Levent Mahallesi Yapı Kredi Plaza C Blox C Sokak 10 Kat 5 34330 Beşiktaş/Istanbul Turkey) adına Türkiye'de re 250 mle gratis 8.45 fl.oz. 0850 210 6 900 www.gratis.com 8684252 200184 Made In Türkiye FOD.D:07-2024 E EFITCH NO: 01 PET 12M"
Bee Beauty Okyanus Kolonyası,Gratis,8684252206308,Kolonya,https://images.openbeautyfacts.org/images/products/868/425/220/6308/front_tr.4.400.jpg,"alkol demat,suzparfumzbenzly slicylate,limonene,linalool,citronellol,coumarin,genariol,citral"
saç maskesi,Benri,8691988010383,,https://images.openbeautyfacts.org/images/products/869/198/801/0383/front_xx.7.400.jpg,"içindekiler / Ingredientqua, Cetearyl Alcohol, Cetrimonium Chloride, Glycerin, D icone, Lauryl Glucoside, Parfum, Citric Acid, Persea Gratia Oil, Butyrospermum Parkii Butter, Methylchloroisothiaaolinone, Methylisothiazolinone, CI 19140, CI 17200, CI 42090. Gratis iç ve Dış Ticaret A.Ş. (Levent Mah. Yapı Kredi Plaza C Blok Cömert Sokak 1C Kat:5 34330 Beşiktaş/İstanbul TURKEY) gratis 988 0103"
Disk Pamuk,"Benri, Gratis",8699863459418,Kişisel hijyen,https://images.openbeautyfacts.org/images/products/869/986/345/9418/front_tr.4.400.jpg,"Ürün dermatolojik olarak test dilmiş olup %100 Organik pamuktan üretilmiştir Organik tarım yöntemleri ile yetiştirilen pamuklar makyaj temizliği ve cilt bakiminin en doğal şekilde yapılmasını sağlamaktadır. Tam otomatik makinelerde el değmeden üretilmiştir, pamuk kalıntısı bırakmaz. Gratis İç ve Dış Tic. A.Ş. (Levent Mahallesi Yapı Kredi Plaza C Blok Cömert Sokak 1C K:5 34330 Beşiktaş/Istanbul TURKEY) adına CMC CONSUMER MEDICAL CARE Pamuk Ambalaj Sanayi ve Ticaret Ltd. Sti. tarafından Türkiye'de üretilmiştir. Ürün seri no ambalajın üzerindedir. GLOBAL ORGANIC TEXTILE STANDARD 'Organic' certified by Ecocert Greenlife-63847 - CMC Consumer Medical Care GmbH. %100 ORGANIK PAMUK gratis 0850 210 6 900 www.gratis.com ORGANIC GLOBAL EXTIL STANDARD GOTS Organic certified by Ecocert Gre 63847-CMC Cons Medical Care G Made in Tu"
Pores Be Clean Sensitive Exfoliating Face Scrub with Lilli Pilli & Wattleseed,Australian Pure Beauty,9310692811527,,https://images.openbeautyfacts.org/images/products/931/069/281/1527/front_en.3.400.jpg,
